atletas.slug,atletas.atleta_id,atletas.rodada_id,atletas.clube_id,atletas.posicao_id,atletas.status_id,atletas.pontos_num,atletas.preco_num,atletas.variacao_num,atletas.media_num,atletas.clube.id.full.name,CA,FC,FD,FF,FS,G,I,PE,RB,DD,GS,SG,A,FT,DP,GC,PP,CV
gabriel,83257,3,262,ata,Provável,0,16.91,0,6.45,Flamengo,1,1,3,2,4,1,2,6,2,NA,NA,NA,NA,NA,NA,NA,NA,NA
cassio,42234,3,264,gol,Provável,0.7,3.9,-0.73,0.4,Corinthians,1,NA,NA,NA,1,NA,NA,1,NA,2,4,1,NA,NA,NA,NA,NA,NA
fagner,42500,3,264,lat,Provável,0,11.32,0,8.75,Corinthians,1,1,1,NA,6,NA,NA,4,8,NA,NA,1,NA,NA,NA,NA,NA,NA
diego-alves,38509,3,262,gol,Contundido,0,5,0,0,Flamengo,NA,NA,NA,NA,NA,NA,NA,NA,NA,NA,NA,NA,NA,NA,NA,NA,NA,NA
geuvanio,73896,3,282,ata,Provável,2.1,14.51,-0.88,7,Atlético-MG,NA,8,2,2,11,NA,NA,5,8,NA,NA,NA,1,NA,NA,NA,NA,NA
andre-moritz,42208,3,314,mei,Nulo,0,4.56,0,2,Avaí,NA,NA,1,3,2,NA,NA,7,1,NA,NA,NA,NA,NA,NA,NA,NA,NA
rene,78445,3,262,lat,Provável,0,6.02,0,-0.25,Flamengo,1,2,NA,NA,2,NA,NA,5,2,NA,NA,NA,NA,NA,NA,NA,NA,NA
pedro-geromel,80853,3,284,zag,Provável,0,11.61,0,4.3,Grêmio,1,1,NA,1,2,NA,NA,4,7,NA,NA,NA,NA,NA,NA,NA,NA,NA
nico-lopez,84709,3,285,ata,Provável,3.2,16.88,-1.55,4.5,Internacional,1,1,2,4,1,NA,NA,2,2,NA,NA,NA,NA,1,NA,NA,NA,NA
fabio,37656,3,283,gol,Provável,1,11.59,-2.18,6.33,Cruzeiro,NA,NA,NA,NA,NA,NA,NA,NA,NA,5,4,1,NA,NA,1,NA,NA,NA
dede,60819,3,283,zag,Provável,8.7,15.63,0.68,6.57,Cruzeiro,NA,1,NA,1,2,1,NA,7,5,NA,NA,1,NA,NA,NA,NA,NA,NA
matheus-mancini,80124,3,282,zag,Nulo,0,3,0,0,Atlético-MG,NA,NA,NA,NA,NA,NA,NA,NA,NA,NA,NA,NA,NA,NA,NA,NA,NA,NA
rodrigo-moledo,63354,3,285,zag,Provável,6,5.22,1.45,2.97,Internacional,NA,1,1,1,1,NA,NA,2,5,NA,NA,NA,NA,NA,NA,NA,NA,NA
iago,97868,3,285,lat,Provável,3.9,8.82,0.14,1.95,Internacional,NA,1,1,NA,1,NA,NA,6,3,NA,NA,NA,NA,NA,NA,NA,NA,NA
victor-cuesta,79113,3,285,zag,Provável,5,12.72,-0.17,4.85,Internacional,1,2,NA,NA,2,NA,NA,1,8,NA,NA,NA,NA,NA,NA,NA,NA,NA
bruno-henrique,90285,3,262,ata,Provável,-0.5,18.85,-1.92,6.17,Flamengo,1,3,2,4,3,2,1,2,NA,NA,NA,NA,NA,NA,NA,NA,NA,NA
kannemann,87342,3,284,zag,Provável,3.7,14.12,-3.5,2.05,Grêmio,2,7,NA,NA,3,1,NA,3,2,NA,NA,NA,NA,NA,NA,NA,NA,NA
vinicius,71162,3,282,mei,Nulo,0,4.51,0,-0.5,Atlético-MG,NA,2,NA,1,NA,NA,NA,1,NA,NA,NA,NA,NA,NA,NA,NA,NA,NA
everton,86757,3,284,ata,Provável,10.9,16.99,2.21,7.07,Grêmio,NA,NA,1,NA,2,2,NA,5,3,NA,NA,NA,NA,NA,NA,NA,NA,NA
victor,52950,3,282,gol,Provável,3.7,5.75,0.34,1.7,Atlético-MG,NA,NA,NA,NA,NA,NA,NA,3,NA,4,3,NA,NA,NA,NA,NA,NA,NA
cazares,81682,3,282,mei,Contundido,0,11,0,0,Atlético-MG,NA,NA,NA,NA,NA,NA,NA,NA,NA,NA,NA,NA,NA,NA,NA,NA,NA,NA
nino-paraiba,68808,3,265,lat,Provável,7.4,12.66,0.96,3.93,Bahia,2,4,1,2,4,NA,NA,10,4,NA,NA,1,1,NA,NA,NA,NA,NA
gatito-fernandez,74061,3,263,gol,Provável,8.5,5.46,2.57,0.1,Botafogo,1,NA,NA,NA,1,NA,NA,4,NA,2,4,1,NA,NA,NA,NA,NA,NA
rever,52253,3,282,zag,Provável,1.8,11.14,-1.09,1.65,Atlético-MG,NA,NA,NA,NA,NA,NA,NA,4,3,NA,NA,NA,NA,NA,NA,NA,NA,NA
ganso,62977,3,266,mei,Contundido,0,11,0,0,Fluminense,NA,NA,NA,NA,NA,NA,NA,NA,NA,NA,NA,NA,NA,NA,NA,NA,NA,NA
rodriguinho,61033,3,283,mei,Provável,6.8,6.22,1.36,4.4,Cruzeiro,1,2,1,NA,2,1,1,3,2,NA,NA,NA,NA,NA,NA,NA,NA,NA
vanderlei,62121,3,277,gol,Provável,10.7,22.74,1.48,9.03,Santos,NA,NA,NA,NA,NA,NA,NA,3,NA,9,2,1,NA,NA,NA,NA,NA,NA
fabio-santos,38229,3,282,lat,Provável,2.8,11.32,-0.12,3.67,Atlético-MG,NA,2,NA,1,4,1,NA,6,2,NA,NA,NA,NA,NA,NA,NA,NA,NA
pablo,69138,3,276,ata,Contundido,0,17,0,0,São Paulo,NA,NA,NA,NA,NA,NA,NA,NA,NA,NA,NA,NA,NA,NA,NA,NA,NA,NA
hernanes,38648,3,276,mei,Nulo,6.3,14.77,0.48,4.43,São Paulo,NA,NA,5,2,2,NA,NA,1,NA,NA,NA,NA,1,NA,NA,NA,NA,NA
jean-mota,78548,3,277,mei,Provável,1.2,8.4,-0.63,1.67,Santos,NA,4,2,1,1,NA,NA,4,3,NA,NA,NA,NA,NA,NA,NA,NA,NA
yago-pikachu,80196,3,267,mei,Provável,3.2,9.11,-0.11,2.2,Vasco,NA,1,2,2,5,NA,NA,3,1,NA,NA,NA,NA,NA,NA,NA,NA,NA
reinaldo,78850,3,276,lat,Provável,-1.1,9.97,-1.68,2.5,São Paulo,1,5,NA,NA,2,NA,NA,5,5,NA,NA,1,NA,NA,NA,NA,NA,NA
leandro-castan,38505,3,267,zag,Nulo,0,11,0,0,Vasco,NA,NA,NA,NA,NA,NA,NA,NA,NA,NA,NA,NA,NA,NA,NA,NA,NA,NA
elias,54395,3,282,mei,Provável,-0.6,11.62,-2.21,5.5,Atlético-MG,NA,5,1,1,3,1,NA,10,5,NA,NA,NA,NA,1,NA,NA,NA,NA
ricardo-oliveira,38910,3,282,ata,Provável,1.6,16.69,-1.35,5.23,Atlético-MG,NA,1,1,4,1,1,NA,4,1,NA,NA,NA,NA,1,NA,NA,NA,NA
adilson,50307,3,282,mei,Contundido,0,7.56,0,4.9,Atlético-MG,NA,NA,NA,NA,2,NA,NA,2,3,NA,NA,NA,NA,NA,NA,NA,NA,NA
patric,60969,3,282,lat,Nulo,0,5,0,0,Atlético-MG,NA,NA,NA,NA,NA,NA,NA,NA,NA,NA,NA,NA,NA,NA,NA,NA,NA,NA
leonardo-silva,68925,3,282,zag,Nulo,0,6.24,0,0,Atlético-MG,NA,NA,NA,NA,NA,NA,NA,NA,NA,NA,NA,NA,NA,NA,NA,NA,NA,NA
luan,63219,3,282,mei,Provável,0,6.69,0,1.6,Atlético-MG,NA,1,NA,NA,2,NA,NA,6,3,NA,NA,NA,NA,NA,NA,NA,NA,NA
carlos-cesar,61211,3,282,lat,Nulo,0,4,0,0,Atlético-MG,NA,NA,NA,NA,NA,NA,NA,NA,NA,NA,NA,NA,NA,NA,NA,NA,NA,NA
martin-rea,103093,3,282,zag,Nulo,0,4,0,0,Atlético-MG,NA,NA,NA,NA,NA,NA,NA,NA,NA,NA,NA,NA,NA,NA,NA,NA,NA,NA
maicon,62968,3,282,ata,Nulo,-0.3,7.01,-1.44,3.75,Atlético-MG,NA,1,NA,1,2,NA,NA,1,1,NA,NA,NA,1,NA,NA,NA,NA,NA
matheus-stockl,104088,3,282,zag,Nulo,0,1,0,0,Atlético-MG,NA,NA,NA,NA,NA,NA,NA,NA,NA,NA,NA,NA,NA,NA,NA,NA,NA,NA
renan-guedes,104127,3,282,lat,Nulo,0,1,0,0,Atlético-MG,NA,NA,NA,NA,NA,NA,NA,NA,NA,NA,NA,NA,NA,NA,NA,NA,NA,NA
raphael-lopes,105198,3,282,ata,Nulo,0,1,0,0,Atlético-MG,NA,NA,NA,NA,NA,NA,NA,NA,NA,NA,NA,NA,NA,NA,NA,NA,NA,NA
gabriel,104404,3,282,mei,Nulo,0,1,0,0,Atlético-MG,NA,NA,NA,NA,NA,NA,NA,NA,NA,NA,NA,NA,NA,NA,NA,NA,NA,NA
neto,103706,3,282,mei,Nulo,0,1,0,0,Atlético-MG,NA,NA,NA,NA,NA,NA,NA,NA,NA,NA,NA,NA,NA,NA,NA,NA,NA,NA
helio-junior,104622,3,282,lat,Nulo,0,1,0,0,Atlético-MG,NA,NA,NA,NA,NA,NA,NA,NA,NA,NA,NA,NA,NA,NA,NA,NA,NA,NA
betao,37646,3,314,zag,Provável,5,2.56,1.52,0.57,Avaí,2,3,NA,NA,3,NA,NA,6,5,NA,NA,NA,NA,NA,NA,NA,NA,NA
igor-reis,104408,3,282,mei,Nulo,0,1,0,0,Atlético-MG,NA,NA,NA,NA,NA,NA,NA,NA,NA,NA,NA,NA,NA,NA,NA,NA,NA,NA
douglas,38738,3,314,mei,Contundido,0,8,0,0,Avaí,NA,NA,NA,NA,NA,NA,NA,NA,NA,NA,NA,NA,NA,NA,NA,NA,NA,NA
marquinhos-silva,38515,3,314,zag,Provável,0.7,7.48,-0.82,3.53,Avaí,1,2,NA,4,4,NA,NA,7,7,NA,NA,NA,NA,NA,NA,NA,NA,NA
iago-mendonca,105278,3,290,zag,Nulo,0,1,0,0,Goiás,NA,NA,NA,NA,NA,NA,NA,NA,NA,NA,NA,NA,NA,NA,NA,NA,NA,NA
vinicius,104660,3,290,ata,Nulo,0,1,0,0,Goiás,NA,NA,NA,NA,NA,NA,NA,NA,NA,NA,NA,NA,NA,NA,NA,NA,NA,NA
leo-moura,37701,3,284,lat,Nulo,1.4,5.55,-1.45,1.4,Grêmio,NA,NA,NA,NA,1,NA,NA,2,1,NA,NA,NA,NA,NA,NA,NA,NA,NA
felipe-mosquete,105397,3,290,gol,Nulo,0,1,0,0,Goiás,NA,NA,NA,NA,NA,NA,NA,NA,NA,NA,NA,NA,NA,NA,NA,NA,NA,NA
rafael-barbosa,105396,3,290,mei,Nulo,0,1,0,0,Goiás,NA,NA,NA,NA,NA,NA,NA,NA,NA,NA,NA,NA,NA,NA,NA,NA,NA,NA
werley,62974,3,267,zag,Nulo,0,0.72,0,-2.2,Vasco,NA,NA,1,NA,NA,NA,NA,2,NA,NA,NA,NA,NA,NA,NA,1,NA,NA
terans,102878,3,282,mei,Nulo,0,5,0,0,Atlético-MG,NA,NA,NA,NA,NA,NA,NA,NA,NA,NA,NA,NA,NA,NA,NA,NA,NA,NA
henrique,84893,3,267,lat,Nulo,0,4.11,0,2.8,Vasco,NA,1,1,1,2,NA,NA,4,1,NA,NA,NA,NA,NA,NA,NA,NA,NA
alan,105395,3,290,zag,Nulo,0,1,0,0,Goiás,NA,NA,NA,NA,NA,NA,NA,NA,NA,NA,NA,NA,NA,NA,NA,NA,NA,NA
gilberto,80313,3,266,lat,Provável,2.7,6.46,0.09,0.4,Fluminense,NA,1,1,NA,1,NA,NA,10,2,NA,NA,NA,NA,NA,NA,NA,NA,NA
lucas-mineiro,90634,3,267,mei,Provável,0.4,5.61,-0.85,2.53,Vasco,NA,7,NA,2,1,NA,NA,5,7,NA,NA,NA,NA,NA,NA,NA,NA,NA
willian-maranhao,87262,3,267,mei,Nulo,0,3,0,0,Vasco,NA,NA,NA,NA,NA,NA,NA,NA,NA,NA,NA,NA,NA,NA,NA,NA,NA,NA
raul,92496,3,267,mei,Provável,7.2,7.31,1.69,5.65,Vasco,2,4,1,1,3,NA,NA,4,10,NA,NA,NA,NA,NA,NA,NA,NA,NA
gabriel-felix,92057,3,267,gol,Nulo,0,2,0,0,Vasco,NA,NA,NA,NA,NA,NA,NA,NA,NA,NA,NA,NA,NA,NA,NA,NA,NA,NA
jordi,86776,3,341,gol,Provável,11.5,5.52,3.44,4.9,CSA,NA,NA,NA,NA,2,NA,NA,1,NA,5,3,1,NA,NA,NA,NA,NA,NA
ribamar,94068,3,267,ata,Nulo,0,2.64,0,0.8,Vasco,NA,NA,NA,1,NA,NA,NA,NA,NA,NA,NA,NA,NA,NA,NA,NA,NA,NA
andrey,93787,3,267,mei,Nulo,0,4.35,0,1.7,Vasco,NA,NA,NA,1,NA,NA,NA,2,1,NA,NA,NA,NA,NA,NA,NA,NA,NA
marrony,101717,3,267,ata,Nulo,0,13.8,0,6.95,Vasco,NA,4,2,4,7,NA,NA,4,2,NA,NA,NA,1,NA,NA,NA,NA,NA
hugo-borges,95875,3,267,ata,Nulo,0,2,0,0,Vasco,NA,NA,NA,NA,NA,NA,NA,NA,NA,NA,NA,NA,NA,NA,NA,NA,NA,NA
caio-monteiro,93789,3,267,ata,Nulo,0,3,0,0,Vasco,NA,NA,NA,NA,NA,NA,NA,NA,NA,NA,NA,NA,NA,NA,NA,NA,NA,NA
rafael-franca,101719,3,267,lat,Nulo,0,2,0,0,Vasco,NA,NA,NA,NA,NA,NA,NA,NA,NA,NA,NA,NA,NA,NA,NA,NA,NA,NA
miranda,101720,3,267,zag,Nulo,0,2.57,0,0.7,Vasco,NA,2,NA,NA,1,NA,NA,1,1,NA,NA,NA,NA,NA,NA,NA,NA,NA
yan-sasse,96055,3,267,mei,Provável,1,4.03,-0.3,1.87,Vasco,NA,3,1,4,3,NA,NA,6,2,NA,NA,NA,NA,NA,NA,NA,NA,NA
ricardo,99881,3,267,zag,Provável,3.6,6.8,0.64,3.23,Vasco,NA,3,NA,1,1,NA,NA,7,8,NA,NA,NA,NA,NA,NA,NA,NA,NA
tiago-reis,104678,3,267,ata,Nulo,0,5,0,0,Vasco,NA,NA,NA,NA,NA,NA,NA,NA,NA,NA,NA,NA,NA,NA,NA,NA,NA,NA
lucas-santos,101718,3,267,mei,Nulo,0,5,0,0,Vasco,NA,NA,NA,NA,NA,NA,NA,NA,NA,NA,NA,NA,NA,NA,NA,NA,NA,NA
moresche,102719,3,267,ata,Nulo,0,2,0,0,Vasco,NA,NA,NA,NA,NA,NA,NA,NA,NA,NA,NA,NA,NA,NA,NA,NA,NA,NA
rodrigo-fernandes,102771,3,267,mei,Nulo,0,2,0,0,Vasco,NA,NA,NA,NA,NA,NA,NA,NA,NA,NA,NA,NA,NA,NA,NA,NA,NA,NA
heitor,104649,3,285,lat,Nulo,0,1,0,0,Internacional,NA,NA,NA,NA,NA,NA,NA,NA,NA,NA,NA,NA,NA,NA,NA,NA,NA,NA
diego-souza,68911,3,263,ata,Provável,-0.8,4.27,-0.95,-1.05,Botafogo,NA,3,NA,2,1,NA,NA,9,NA,NA,NA,NA,NA,NA,NA,NA,NA,NA
dudu,102852,3,267,mei,Nulo,0,3,0,0,Vasco,NA,NA,NA,NA,NA,NA,NA,NA,NA,NA,NA,NA,NA,NA,NA,NA,NA,NA
apodi,51042,3,341,lat,Provável,8.8,5.84,2.53,2.83,CSA,NA,3,1,1,3,NA,NA,10,3,NA,NA,1,NA,NA,NA,NA,NA,NA
ney-franco,37246,3,315,tec,Provável,3.35,8.13,0.32,4.21,Chapecoense,NA,NA,NA,NA,NA,NA,NA,NA,NA,NA,NA,NA,NA,NA,NA,NA,NA,NA
joao-pedro,101721,3,267,gol,Nulo,0,1,0,0,Vasco,NA,NA,NA,NA,NA,NA,NA,NA,NA,NA,NA,NA,NA,NA,NA,NA,NA,NA
thiago-neves,38277,3,283,mei,Nulo,0,5.01,-1.18,2.6,Cruzeiro,1,1,1,1,NA,1,NA,4,1,NA,NA,NA,NA,NA,NA,NA,NA,NA
joao-ricardo,81881,3,315,gol,Suspenso,0,6,0,0,Chapecoense,NA,NA,NA,NA,NA,NA,NA,NA,NA,NA,NA,NA,NA,NA,NA,NA,NA,NA
sornoza,87877,3,264,mei,Provável,0,4.53,0,1.3,Corinthians,NA,3,NA,1,3,NA,NA,4,2,NA,NA,NA,NA,NA,NA,NA,NA,NA
rogerio-ceni,97341,3,356,tec,Provável,2.97,6.51,0.12,3.08,Fortaleza,NA,NA,NA,NA,NA,NA,NA,NA,NA,NA,NA,NA,NA,NA,NA,NA,NA,NA
thiago-heleno,38394,3,293,zag,Provável,0,1.27,0,-2.1,Athlético-PR,2,2,1,NA,1,NA,NA,3,NA,NA,NA,NA,NA,NA,NA,NA,NA,NA
rafael-vaz,73421,3,290,zag,Nulo,0,13.18,0,13,Goiás,NA,NA,NA,NA,NA,1,NA,NA,NA,NA,NA,1,NA,NA,NA,NA,NA,NA
patrick,83433,3,285,mei,Provável,7.6,9.85,1.3,6.15,Internacional,NA,2,NA,NA,5,NA,NA,4,8,NA,NA,NA,NA,NA,NA,NA,NA,NA
cuellar,71709,3,262,mei,Provável,0,13.56,0,6.8,Flamengo,NA,3,NA,1,1,NA,NA,4,10,NA,NA,NA,NA,NA,NA,NA,NA,NA
bruno-cortez,72079,3,284,lat,Provável,4.4,5.59,-0.03,2.25,Grêmio,NA,1,NA,NA,1,NA,1,5,1,NA,NA,NA,1,NA,NA,NA,NA,NA
rafael-galhardo,68821,3,284,lat,Nulo,0,3,0,0,Grêmio,NA,NA,NA,NA,NA,NA,NA,NA,NA,NA,NA,NA,NA,NA,NA,NA,NA,NA
alexandre-pato,49675,3,276,ata,Dúvida,0.8,7.02,-1.11,3.57,São Paulo,NA,3,NA,3,2,1,2,4,2,NA,NA,NA,NA,NA,NA,NA,NA,NA
montoya,94840,3,284,mei,Nulo,0,7.62,0,5.9,Grêmio,NA,2,1,NA,2,NA,NA,6,1,NA,NA,NA,1,NA,NA,NA,NA,NA
abner,84860,3,293,lat,Nulo,0,4,0,0,Athlético-PR,NA,NA,NA,NA,NA,NA,NA,NA,NA,NA,NA,NA,NA,NA,NA,NA,NA,NA
cuca,42411,3,276,tec,Provável,2.51,9.06,-0.27,3.6,São Paulo,NA,NA,NA,NA,NA,NA,NA,NA,NA,NA,NA,NA,NA,NA,NA,NA,NA,NA
romulo,70009,3,284,mei,Nulo,0,6.45,0,8.2,Grêmio,1,4,NA,NA,NA,1,NA,1,3,NA,NA,NA,NA,NA,NA,NA,NA,NA
tiao,47134,3,356,mei,Nulo,0,1,0,0,Fortaleza,NA,NA,NA,NA,NA,NA,NA,NA,NA,NA,NA,NA,NA,NA,NA,NA,NA,NA
tche-tche,86686,3,276,mei,Provável,12.6,6.54,3.91,4.27,São Paulo,NA,5,4,2,3,1,NA,7,1,NA,NA,NA,NA,NA,NA,NA,NA,NA
tadeu,82453,3,290,gol,Provável,5.5,12.29,0.93,5.37,Goiás,NA,NA,NA,NA,2,NA,NA,3,NA,4,4,1,NA,NA,1,NA,NA,NA
roger-machado,79437,3,265,tec,Provável,4.93,9.8,0.62,4.78,Bahia,NA,NA,NA,NA,NA,NA,NA,NA,NA,NA,NA,NA,NA,NA,NA,NA,NA,NA
jo,101317,3,314,ata,Nulo,0,1,0,0,Avaí,NA,NA,NA,NA,NA,NA,NA,NA,NA,NA,NA,NA,NA,NA,NA,NA,NA,NA
jair,81091,3,282,mei,Nulo,5.7,7.2,1.13,3.07,Atlético-MG,1,1,NA,NA,2,1,NA,1,2,NA,NA,NA,NA,NA,NA,NA,NA,NA
pedro-rocha,90302,3,283,ata,Provável,5.9,12.87,0.31,7.5,Cruzeiro,NA,1,NA,1,4,1,NA,6,1,NA,NA,NA,1,NA,NA,NA,NA,NA
vitor-bueno,87552,3,276,mei,Nulo,0,5.9,0,1.5,São Paulo,NA,NA,NA,NA,NA,NA,NA,NA,1,NA,NA,NA,NA,NA,NA,NA,NA,NA
iago-maidana,89226,3,282,zag,Nulo,0,3.19,0,-1.4,Atlético-MG,NA,2,NA,NA,1,NA,NA,3,NA,NA,NA,NA,NA,NA,NA,NA,NA,NA
jose-welison,86859,3,282,mei,Provável,6.1,5.25,1.48,3,Atlético-MG,NA,NA,NA,1,2,NA,NA,6,6,NA,NA,NA,NA,NA,NA,NA,NA,NA
uilson,85418,3,282,gol,Contundido,0,3,0,0,Atlético-MG,NA,NA,NA,NA,NA,NA,NA,NA,NA,NA,NA,NA,NA,NA,NA,NA,NA,NA
lucas-candido,84851,3,282,mei,Nulo,0,2,0,0,Atlético-MG,NA,NA,NA,NA,NA,NA,NA,NA,NA,NA,NA,NA,NA,NA,NA,NA,NA,NA
nathan,87009,3,282,mei,Nulo,11.8,6.92,3.51,6.5,Atlético-MG,NA,NA,2,NA,1,1,NA,3,2,NA,NA,NA,NA,NA,NA,NA,NA,NA
rodrigo-santana,97922,3,282,tec,Provável,5.42,10.24,0.6,4.97,Atlético-MG,NA,NA,NA,NA,NA,NA,NA,NA,NA,NA,NA,NA,NA,NA,NA,NA,NA,NA
eduardo-barroca,77774,3,263,tec,Provável,6.57,7.98,1.3,3.87,Botafogo,NA,NA,NA,NA,NA,NA,NA,NA,NA,NA,NA,NA,NA,NA,NA,NA,NA,NA
kayke,50402,3,290,ata,Provável,0.7,3.26,-0.1,0.7,Goiás,1,3,1,4,3,NA,NA,6,1,NA,NA,NA,NA,NA,NA,NA,NA,NA
leo-artur,82644,3,266,mei,Nulo,0,1.75,0,-0.3,Fluminense,NA,1,NA,NA,1,NA,NA,2,NA,NA,NA,NA,NA,NA,NA,NA,NA,NA
ewandro,86842,3,266,ata,Nulo,0,4,0,0,Fluminense,NA,NA,NA,NA,NA,NA,NA,NA,NA,NA,NA,NA,NA,NA,NA,NA,NA,NA
jobson,93377,3,277,mei,Nulo,0,4,0,0,Santos,NA,NA,NA,NA,NA,NA,NA,NA,NA,NA,NA,NA,NA,NA,NA,NA,NA,NA
marcos-junior,93893,3,267,mei,Nulo,0,3,0,0,Vasco,NA,NA,NA,NA,NA,NA,NA,NA,NA,NA,NA,NA,NA,NA,NA,NA,NA,NA
vagner,78151,3,315,gol,Contundido,0,4,0,0,Chapecoense,NA,NA,NA,NA,NA,NA,NA,NA,NA,NA,NA,NA,NA,NA,NA,NA,NA,NA
marcos-valadares,84930,3,267,tec,Provável,2,7.52,-0.3,3,Vasco,NA,NA,NA,NA,NA,NA,NA,NA,NA,NA,NA,NA,NA,NA,NA,NA,NA,NA
diguinho,105282,3,356,zag,Nulo,0,2,0,0,Fortaleza,NA,NA,NA,NA,NA,NA,NA,NA,NA,NA,NA,NA,NA,NA,NA,NA,NA,NA
claudinei-oliveira,84761,3,290,tec,Provável,2.75,7.38,0.16,3.13,Goiás,NA,NA,NA,NA,NA,NA,NA,NA,NA,NA,NA,NA,NA,NA,NA,NA,NA,NA
yuri,88125,3,263,mei,Nulo,0,2.9,-1.1,0,Botafogo,NA,NA,NA,NA,NA,NA,NA,NA,NA,NA,NA,NA,NA,NA,NA,NA,NA,NA
matheus-inacio,80394,3,356,gol,Nulo,0,2,0,0,Fortaleza,NA,NA,NA,NA,NA,NA,NA,NA,NA,NA,NA,NA,NA,NA,NA,NA,NA,NA
luanderson,86380,3,314,mei,Provável,3,2.47,0.47,3,Avaí,NA,2,NA,1,4,NA,NA,1,1,NA,NA,NA,NA,NA,NA,NA,NA,NA
paulinho,78512,3,314,lat,Provável,1.7,2.31,0.34,1.07,Avaí,NA,6,NA,1,3,NA,NA,7,4,NA,NA,NA,NA,NA,NA,NA,NA,NA
lucas-dias,104356,3,341,zag,Nulo,0,2,0,0,CSA,NA,NA,NA,NA,NA,NA,NA,NA,NA,NA,NA,NA,NA,NA,NA,NA,NA,NA
riquelme,105566,3,267,lat,Nulo,0,1,0,0,Vasco,NA,NA,NA,NA,NA,NA,NA,NA,NA,NA,NA,NA,NA,NA,NA,NA,NA,NA
yago-felipe,87747,3,290,mei,Nulo,-2,2.95,-2.05,-2,Goiás,1,NA,NA,NA,NA,NA,NA,NA,NA,NA,NA,NA,NA,NA,NA,NA,NA,NA
alexander,105553,3,267,gol,Nulo,0,9.79,0,6,Vasco,NA,NA,NA,NA,NA,NA,NA,NA,NA,8,6,NA,NA,NA,NA,NA,NA,NA
kelvin,71549,3,266,ata,Nulo,0,5,0,0,Fluminense,NA,NA,NA,NA,NA,NA,NA,NA,NA,NA,NA,NA,NA,NA,NA,NA,NA,NA
igor-rabello,89493,3,282,zag,Provável,7.1,11.03,0.96,5.15,Atlético-MG,NA,NA,NA,1,2,NA,1,5,7,NA,NA,NA,NA,NA,NA,NA,NA,NA
roni,105585,3,264,mei,Nulo,0,2,0,0,Corinthians,NA,NA,NA,NA,NA,NA,NA,NA,NA,NA,NA,NA,NA,NA,NA,NA,NA,NA
lucas-piton,105584,3,264,lat,Nulo,0,1,0,0,Corinthians,NA,NA,NA,NA,NA,NA,NA,NA,NA,NA,NA,NA,NA,NA,NA,NA,NA,NA
bruno-mendez,103700,3,264,zag,Nulo,0,6,0,0,Corinthians,NA,NA,NA,NA,NA,NA,NA,NA,NA,NA,NA,NA,NA,NA,NA,NA,NA,NA
valdivia,85423,3,267,mei,Nulo,-0.8,3.66,-0.9,-0.15,Vasco,NA,1,NA,1,NA,NA,NA,2,NA,NA,NA,NA,NA,NA,NA,NA,NA,NA
janderson,97245,3,264,ata,Nulo,0,1.23,0,-0.5,Corinthians,NA,1,NA,NA,NA,NA,NA,NA,NA,NA,NA,NA,NA,NA,NA,NA,NA,NA
gustavo-blanco,91191,3,282,mei,Contundido,0,9,0,0,Atlético-MG,NA,NA,NA,NA,NA,NA,NA,NA,NA,NA,NA,NA,NA,NA,NA,NA,NA,NA
jairinho,102139,3,267,ata,Nulo,1.5,2.69,-0.31,1.5,Vasco,NA,1,NA,NA,1,NA,NA,NA,1,NA,NA,NA,NA,NA,NA,NA,NA,NA
daniel,97349,3,282,mei,Nulo,0,1,0,0,Atlético-MG,NA,NA,NA,NA,NA,NA,NA,NA,NA,NA,NA,NA,NA,NA,NA,NA,NA,NA
michael,93659,3,282,gol,Nulo,0,1,0,0,Atlético-MG,NA,NA,NA,NA,NA,NA,NA,NA,NA,NA,NA,NA,NA,NA,NA,NA,NA,NA
leandrinho,91702,3,282,ata,Nulo,0,3,0,0,Atlético-MG,NA,NA,NA,NA,NA,NA,NA,NA,NA,NA,NA,NA,NA,NA,NA,NA,NA,NA
alessandro-vinicius,94495,3,282,mei,Nulo,0,1,0,0,Atlético-MG,NA,NA,NA,NA,NA,NA,NA,NA,NA,NA,NA,NA,NA,NA,NA,NA,NA,NA
chara,99891,3,282,ata,Provável,1.1,9.65,-1.1,4.17,Atlético-MG,NA,3,1,4,2,1,NA,13,3,NA,NA,NA,NA,NA,NA,NA,NA,NA
fernando,97543,3,282,gol,Nulo,0,1,0,0,Atlético-MG,NA,NA,NA,NA,NA,NA,NA,NA,NA,NA,NA,NA,NA,NA,NA,NA,NA,NA
alerrandro,101715,3,282,ata,Nulo,0,5,0,0,Atlético-MG,NA,NA,NA,NA,NA,NA,NA,NA,NA,NA,NA,NA,NA,NA,NA,NA,NA,NA
marquinhos,98765,3,282,mei,Nulo,0,1,0,0,Atlético-MG,NA,NA,NA,NA,NA,NA,NA,NA,NA,NA,NA,NA,NA,NA,NA,NA,NA,NA
guga,101319,3,282,lat,Provável,16.7,9.89,4.64,7.83,Atlético-MG,NA,2,NA,1,1,NA,1,11,8,NA,NA,NA,3,NA,NA,NA,NA,NA
jones-carioca,70161,3,314,ata,Nulo,0,3.04,0,1.15,Avaí,NA,NA,NA,1,NA,NA,NA,NA,1,NA,NA,NA,NA,NA,NA,NA,NA,NA
julinho,73501,3,314,mei,Nulo,0,2,0,0,Avaí,NA,NA,NA,NA,NA,NA,NA,NA,NA,NA,NA,NA,NA,NA,NA,NA,NA,NA
felipe-sousa,101861,3,282,ata,Nulo,0,1,0,0,Atlético-MG,NA,NA,NA,NA,NA,NA,NA,NA,NA,NA,NA,NA,NA,NA,NA,NA,NA,NA
pedro-castro,78840,3,314,mei,Provável,0.5,2.46,-0.27,0.8,Avaí,NA,6,NA,1,5,NA,NA,8,3,NA,NA,NA,NA,NA,NA,NA,NA,NA
vladimir,69040,3,314,gol,Provável,16.5,4.94,4.22,3.5,Avaí,NA,NA,NA,NA,1,NA,NA,NA,NA,6,4,NA,NA,NA,NA,NA,NA,NA
papagaio,102302,3,282,ata,Nulo,0,1.45,-0.55,0,Atlético-MG,NA,NA,NA,NA,NA,NA,NA,NA,NA,NA,NA,NA,NA,NA,NA,NA,NA,NA
matheus-barbosa,74069,3,314,mei,Nulo,0,4.51,0,3.3,Avaí,NA,1,NA,1,NA,NA,NA,4,5,NA,NA,NA,NA,NA,NA,NA,NA,NA
gege,82474,3,314,mei,Nulo,0,1.87,0,-0.3,Avaí,NA,4,NA,NA,1,NA,NA,1,1,NA,NA,NA,NA,NA,NA,NA,NA,NA
bruninho,101716,3,282,mei,Nulo,0,2,0,0,Atlético-MG,NA,NA,NA,NA,NA,NA,NA,NA,NA,NA,NA,NA,NA,NA,NA,NA,NA,NA
daniel-amorim,82880,3,314,ata,Provável,3.5,6.27,-0.73,3.5,Avaí,NA,2,1,2,4,NA,NA,1,NA,NA,NA,NA,NA,NA,NA,NA,NA,NA
lucas-frigeri,84854,3,314,gol,Nulo,0,5,0,0,Avaí,NA,NA,NA,NA,NA,NA,NA,NA,NA,NA,NA,NA,NA,NA,NA,NA,NA,NA
hulk,102700,3,282,lat,Nulo,0,3,0,0,Atlético-MG,NA,NA,NA,NA,NA,NA,NA,NA,NA,NA,NA,NA,NA,NA,NA,NA,NA,NA
alex-silva,84861,3,314,lat,Contundido,0,4.35,0,1.7,Avaí,1,2,1,1,3,NA,NA,1,1,NA,NA,NA,NA,NA,NA,NA,NA,NA
gledson,73533,3,314,gol,Nulo,0,3,0,0,Avaí,NA,NA,NA,NA,NA,NA,NA,NA,NA,NA,NA,NA,NA,NA,NA,NA,NA,NA
cleiton,93882,3,282,gol,Nulo,0,2,0,0,Atlético-MG,NA,NA,NA,NA,NA,NA,NA,NA,NA,NA,NA,NA,NA,NA,NA,NA,NA,NA
mosquera,86116,3,314,mei,Nulo,0,3.47,0,1,Avaí,NA,NA,NA,1,1,NA,NA,1,NA,NA,NA,NA,NA,NA,NA,NA,NA,NA
felipinho,94981,3,265,mei,Nulo,0,2,0,0,Bahia,NA,NA,NA,NA,NA,NA,NA,NA,NA,NA,NA,NA,NA,NA,NA,NA,NA,NA
leo-lopes,96965,3,314,gol,Nulo,0,1,0,0,Avaí,NA,NA,NA,NA,NA,NA,NA,NA,NA,NA,NA,NA,NA,NA,NA,NA,NA,NA
joao-paulo,86770,3,314,mei,Provável,0.8,4.42,-0.35,1.57,Avaí,NA,5,NA,NA,9,NA,NA,11,4,NA,NA,NA,NA,NA,NA,NA,NA,NA
gabriel-lima,98400,3,314,ata,Nulo,0,3,0,0,Avaí,NA,NA,NA,NA,NA,NA,NA,NA,NA,NA,NA,NA,NA,NA,NA,NA,NA,NA
getulio,90573,3,314,ata,Provável,1.9,7.18,-0.41,3.77,Avaí,NA,3,2,1,5,NA,2,3,4,NA,NA,NA,NA,1,NA,NA,NA,NA
mauricio,96464,3,314,zag,Nulo,0,3,0,0,Avaí,NA,NA,NA,NA,NA,NA,NA,NA,NA,NA,NA,NA,NA,NA,NA,NA,NA,NA
kunde,95476,3,314,zag,Provável,0.1,0.73,0.01,-1,Avaí,1,3,NA,NA,NA,NA,NA,5,2,NA,NA,NA,NA,NA,NA,NA,NA,NA
lourenco,99032,3,314,ata,Nulo,0,2,0,0,Avaí,NA,NA,NA,NA,NA,NA,NA,NA,NA,NA,NA,NA,NA,NA,NA,NA,NA,NA
gustavo,101316,3,314,zag,Nulo,0,3,0,0,Avaí,NA,NA,NA,NA,NA,NA,NA,NA,NA,NA,NA,NA,NA,NA,NA,NA,NA,NA
claudio-vitor,98888,3,314,gol,Nulo,0,1,0,0,Avaí,NA,NA,NA,NA,NA,NA,NA,NA,NA,NA,NA,NA,NA,NA,NA,NA,NA,NA
igor-fernandes,82635,3,314,lat,Contundido,0,2,0,0,Avaí,NA,NA,NA,NA,NA,NA,NA,NA,NA,NA,NA,NA,NA,NA,NA,NA,NA,NA
geninho,36886,3,314,tec,Provável,2.85,5.03,0.37,2.43,Avaí,NA,NA,NA,NA,NA,NA,NA,NA,NA,NA,NA,NA,NA,NA,NA,NA,NA,NA
wesley,99462,3,314,mei,Nulo,0,2,0,0,Avaí,NA,NA,NA,NA,NA,NA,NA,NA,NA,NA,NA,NA,NA,NA,NA,NA,NA,NA
falcao,104104,3,314,mei,Nulo,0,2,0,0,Avaí,NA,NA,NA,NA,NA,NA,NA,NA,NA,NA,NA,NA,NA,NA,NA,NA,NA,NA
ricardo,101491,3,314,zag,Nulo,0,4,0,0,Avaí,NA,NA,NA,NA,NA,NA,NA,NA,NA,NA,NA,NA,NA,NA,NA,NA,NA,NA
luan-pereira,99900,3,314,mei,Nulo,0,2.47,-0.44,0.85,Avaí,1,2,NA,NA,1,NA,NA,1,3,NA,NA,NA,NA,NA,NA,NA,NA,NA
iury,101846,3,314,lat,Provável,-2.9,5.55,-1.53,2.15,Avaí,1,3,NA,NA,2,NA,NA,9,3,NA,NA,NA,1,NA,NA,NA,NA,NA
joao-vitor,104329,3,314,gol,Nulo,0,1,0,0,Avaí,NA,NA,NA,NA,NA,NA,NA,NA,NA,NA,NA,NA,NA,NA,NA,NA,NA,NA
brizuela,104819,3,314,ata,Nulo,0.5,7.33,-0.65,3.3,Avaí,NA,2,NA,NA,2,1,1,2,2,NA,NA,NA,NA,NA,NA,NA,NA,NA
caio-paulista,102318,3,314,ata,Nulo,0,2,0,0,Avaí,NA,NA,NA,NA,NA,NA,NA,NA,NA,NA,NA,NA,NA,NA,NA,NA,NA,NA
marcinho,102380,3,314,mei,Nulo,0,1,0,0,Avaí,NA,NA,NA,NA,NA,NA,NA,NA,NA,NA,NA,NA,NA,NA,NA,NA,NA,NA
rodrigo,104328,3,314,gol,Nulo,0,1,0,0,Avaí,NA,NA,NA,NA,NA,NA,NA,NA,NA,NA,NA,NA,NA,NA,NA,NA,NA,NA
jonathan,37662,3,293,lat,Provável,0,4.71,0,0.8,Athlético-PR,1,3,1,NA,NA,NA,NA,2,3,NA,NA,NA,NA,NA,NA,NA,NA,NA
dudu,104327,3,314,mei,Nulo,0,1,0,0,Avaí,NA,NA,NA,NA,NA,NA,NA,NA,NA,NA,NA,NA,NA,NA,NA,NA,NA,NA
paulo-andre,37604,3,293,zag,Nulo,-3.3,3.24,-2.76,-3.3,Athlético-PR,1,2,NA,NA,NA,NA,NA,1,NA,NA,NA,NA,NA,NA,NA,NA,NA,NA
camacho,68770,3,293,mei,Contundido,0,4.3,0,1.2,Athlético-PR,NA,1,NA,NA,1,NA,NA,1,1,NA,NA,NA,NA,NA,NA,NA,NA,NA
santos,69012,3,293,gol,Provável,3.7,5.03,0.74,1.2,Athlético-PR,NA,NA,NA,NA,1,NA,NA,3,NA,4,4,NA,NA,NA,NA,NA,NA,NA
marcelo-cirino,69022,3,293,ata,Nulo,4.3,5.4,0.85,1.73,Athlético-PR,NA,1,1,3,5,NA,2,3,1,NA,NA,NA,NA,NA,NA,NA,NA,NA
marcio-azevedo,42491,3,293,lat,Nulo,8.4,5.36,1.89,4.2,Athlético-PR,NA,2,NA,NA,1,NA,NA,2,3,NA,NA,NA,1,NA,NA,NA,NA,NA
nikao,69705,3,293,mei,Provável,0,19.71,-2.2,8.2,Athlético-PR,NA,3,1,3,4,1,NA,NA,5,NA,NA,NA,1,NA,NA,NA,NA,NA
wellington,62129,3,293,mei,Provável,1.6,1.6,0.39,-0.3,Athlético-PR,NA,3,NA,NA,NA,NA,NA,8,2,NA,NA,NA,NA,NA,NA,NA,NA,NA
iago,90894,3,265,ata,Nulo,0,2,0,0,Bahia,NA,NA,NA,NA,NA,NA,NA,NA,NA,NA,NA,NA,NA,NA,NA,NA,NA,NA
bergson,68696,3,354,ata,Nulo,0.8,4.89,-0.43,1.6,Ceará,NA,1,4,1,NA,NA,NA,1,NA,NA,NA,NA,NA,NA,NA,NA,NA,NA
ernando,49651,3,265,zag,Provável,6,9.93,0.79,6,Bahia,NA,1,NA,NA,2,1,NA,NA,3,NA,NA,1,NA,NA,NA,NA,NA,NA
gilberto,61188,3,265,ata,Dúvida,2.6,13.27,-0.66,4.3,Bahia,NA,4,3,5,1,NA,NA,4,2,NA,NA,NA,1,NA,NA,NA,NA,NA
guilherme,50294,3,266,mei,Dúvida,-3.9,3.76,-3.24,-3.9,Fluminense,1,2,NA,NA,NA,NA,NA,3,NA,NA,NA,NA,NA,NA,NA,NA,NA,NA
nilton,38573,3,265,mei,Nulo,0,5.06,0,1.3,Bahia,NA,NA,NA,1,1,NA,NA,NA,NA,NA,NA,NA,NA,NA,NA,NA,NA,NA
elton,71719,3,265,mei,Nulo,0.5,5.26,-0.72,2.2,Bahia,NA,10,NA,1,NA,NA,NA,4,8,NA,NA,NA,NA,NA,NA,NA,NA,NA
anderson,38001,3,265,gol,Nulo,0,2.08,0,-1,Bahia,NA,NA,NA,NA,NA,NA,NA,NA,NA,1,2,NA,NA,NA,NA,NA,NA,NA
rogerio,73540,3,265,ata,Dúvida,0.1,9.8,-1.15,3.63,Bahia,NA,6,3,1,4,1,1,5,1,NA,NA,NA,NA,NA,NA,NA,NA,NA
enderson-moreira,62137,3,354,tec,Provável,1.58,10.17,-0.53,4.01,Ceará,NA,NA,NA,NA,NA,NA,NA,NA,NA,NA,NA,NA,NA,NA,NA,NA,NA,NA
elber,74140,3,265,mei,Nulo,0,6,0,0,Bahia,NA,NA,NA,NA,NA,NA,NA,NA,NA,NA,NA,NA,NA,NA,NA,NA,NA,NA
fernandao,62033,3,265,ata,Dúvida,0,6.12,0,1.35,Bahia,NA,1,1,1,1,NA,1,1,1,NA,NA,NA,NA,NA,NA,NA,NA,NA
jackson,70934,3,265,zag,Contundido,0,6,0,0,Bahia,NA,NA,NA,NA,NA,NA,NA,NA,NA,NA,NA,NA,NA,NA,NA,NA,NA,NA
arthur-caike,80337,3,265,ata,Dúvida,0.4,11.64,-1.54,5.33,Bahia,NA,4,2,2,NA,2,1,5,NA,NA,NA,NA,NA,NA,NA,NA,NA,NA
marcio-araujo,38311,3,315,mei,Provável,3.8,8.25,0.02,5.47,Chapecoense,NA,2,1,3,3,NA,NA,4,9,NA,NA,NA,NA,NA,NA,NA,NA,NA
douglas-friedrich,78584,3,265,gol,Provável,8,7.28,2.07,2.5,Bahia,NA,NA,NA,NA,NA,NA,NA,NA,NA,2,3,1,NA,NA,NA,NA,NA,NA
lucas-fonseca,80189,3,265,zag,Provável,5.3,4.4,1.38,1.47,Bahia,NA,1,1,NA,1,NA,NA,6,NA,NA,NA,1,NA,NA,NA,NA,NA,NA
clayton,81770,3,265,ata,Nulo,0,5,0,0,Bahia,NA,NA,NA,NA,NA,NA,NA,NA,NA,NA,NA,NA,NA,NA,NA,NA,NA,NA
wescley,70925,3,354,mei,Contundido,0,5,0,0,Ceará,NA,NA,NA,NA,NA,NA,NA,NA,NA,NA,NA,NA,NA,NA,NA,NA,NA,NA
yuri,83263,3,265,mei,Nulo,0,1,0,0,Bahia,NA,NA,NA,NA,NA,NA,NA,NA,NA,NA,NA,NA,NA,NA,NA,NA,NA,NA
flavio,91102,3,265,mei,Nulo,0,3,0,0,Bahia,NA,NA,NA,NA,NA,NA,NA,NA,NA,NA,NA,NA,NA,NA,NA,NA,NA,NA
moises,90444,3,265,lat,Dúvida,0,13.63,0,7.7,Bahia,NA,3,1,1,NA,NA,NA,2,7,NA,NA,NA,1,NA,NA,NA,NA,NA
everson,91929,3,265,zag,Nulo,0,3,0,0,Bahia,NA,NA,NA,NA,NA,NA,NA,NA,NA,NA,NA,NA,NA,NA,NA,NA,NA,NA
fernandinho,91130,3,265,ata,Nulo,0,2,0,0,Bahia,NA,NA,NA,NA,NA,NA,NA,NA,NA,NA,NA,NA,NA,NA,NA,NA,NA,NA
douglas,92497,3,265,mei,Provável,2.2,5.1,-0.9,2.2,Bahia,NA,6,1,1,4,NA,NA,1,1,NA,NA,NA,NA,NA,NA,NA,NA,NA
fernando-medeiros,92841,3,265,mei,Nulo,0,2,0,0,Bahia,NA,NA,NA,NA,NA,NA,NA,NA,NA,NA,NA,NA,NA,NA,NA,NA,NA,NA
paulinho,91626,3,265,lat,Dúvida,5.5,4.77,0.77,5.5,Bahia,NA,2,NA,NA,NA,NA,NA,NA,1,NA,NA,1,NA,NA,NA,NA,NA,NA
geovane-itinga,94980,3,265,ata,Nulo,0,2,0,0,Bahia,NA,NA,NA,NA,NA,NA,NA,NA,NA,NA,NA,NA,NA,NA,NA,NA,NA,NA
luis-fernando,94971,3,265,mei,Nulo,0,1,0,0,Bahia,NA,NA,NA,NA,NA,NA,NA,NA,NA,NA,NA,NA,NA,NA,NA,NA,NA,NA
max,94982,3,265,mei,Nulo,0,1,0,0,Bahia,NA,NA,NA,NA,NA,NA,NA,NA,NA,NA,NA,NA,NA,NA,NA,NA,NA,NA
marco-antonio,94975,3,265,mei,Nulo,0,3,0,0,Bahia,NA,NA,NA,NA,NA,NA,NA,NA,NA,NA,NA,NA,NA,NA,NA,NA,NA,NA
artur,95799,3,265,ata,Provável,12,11.97,3.23,7,Bahia,NA,4,4,NA,3,2,1,11,3,NA,NA,NA,NA,NA,NA,NA,NA,NA
gregore,95464,3,265,mei,Provável,1.7,11.46,-0.8,4.1,Bahia,NA,12,NA,1,2,NA,NA,5,12,NA,NA,NA,NA,NA,NA,NA,NA,NA
ricardinho,78577,3,354,mei,Provável,-0.2,2.65,-0.47,-0.07,Ceará,NA,3,1,1,1,NA,NA,4,NA,NA,NA,NA,NA,NA,NA,NA,NA,NA
shaylon,97520,3,265,mei,Nulo,2,4.4,0.1,0.95,Bahia,NA,1,NA,1,2,NA,NA,3,1,NA,NA,NA,NA,NA,NA,NA,NA,NA
lepu,97522,3,265,mei,Nulo,0,2,0,0,Bahia,NA,NA,NA,NA,NA,NA,NA,NA,NA,NA,NA,NA,NA,NA,NA,NA,NA,NA
xandao,101626,3,265,zag,Nulo,0,2,0,0,Bahia,NA,NA,NA,NA,NA,NA,NA,NA,NA,NA,NA,NA,NA,NA,NA,NA,NA,NA
rodrigo-alves,98184,3,265,ata,Nulo,0,2,0,0,Bahia,NA,NA,NA,NA,NA,NA,NA,NA,NA,NA,NA,NA,NA,NA,NA,NA,NA,NA
jaques,104128,3,265,zag,Nulo,0,1,0,0,Bahia,NA,NA,NA,NA,NA,NA,NA,NA,NA,NA,NA,NA,NA,NA,NA,NA,NA,NA
ignacio,103523,3,265,zag,Nulo,0,2,0,0,Bahia,NA,NA,NA,NA,NA,NA,NA,NA,NA,NA,NA,NA,NA,NA,NA,NA,NA,NA
douglas-borel,104634,3,265,lat,Nulo,0,1,0,0,Bahia,NA,NA,NA,NA,NA,NA,NA,NA,NA,NA,NA,NA,NA,NA,NA,NA,NA,NA
matheus-silva,101035,3,265,lat,Nulo,0,3,0,0,Bahia,NA,NA,NA,NA,NA,NA,NA,NA,NA,NA,NA,NA,NA,NA,NA,NA,NA,NA
ramires,103295,3,265,mei,Provável,0.5,12.32,-1.22,3.67,Bahia,NA,NA,1,2,2,NA,1,1,2,NA,NA,NA,1,NA,NA,NA,NA,NA
caique,104591,3,265,ata,Nulo,0,2,0,0,Bahia,NA,NA,NA,NA,NA,NA,NA,NA,NA,NA,NA,NA,NA,NA,NA,NA,NA,NA
fernando-castro,102609,3,265,gol,Nulo,0,2,0,0,Bahia,NA,NA,NA,NA,NA,NA,NA,NA,NA,NA,NA,NA,NA,NA,NA,NA,NA,NA
gilson,52674,3,263,lat,Dúvida,7.2,5.52,2.06,1.75,Botafogo,1,2,NA,NA,3,NA,NA,5,1,NA,NA,1,NA,NA,NA,NA,NA,NA
diego-cavalieri,38431,3,263,gol,Nulo,0,6,0,0,Botafogo,NA,NA,NA,NA,NA,NA,NA,NA,NA,NA,NA,NA,NA,NA,NA,NA,NA,NA
rodrigo-pimpao,68901,3,263,ata,Provável,0.5,1.87,-0.24,0.3,Botafogo,2,6,2,2,NA,NA,1,7,1,NA,NA,NA,1,NA,NA,NA,NA,NA
joao-paulo,72168,3,263,mei,Provável,3.1,9.5,-0.58,5.47,Botafogo,1,3,2,2,5,1,NA,12,6,NA,NA,NA,NA,NA,NA,NA,NA,NA
nuno,104326,3,314,zag,Nulo,0,2,0,0,Avaí,NA,NA,NA,NA,NA,NA,NA,NA,NA,NA,NA,NA,NA,NA,NA,NA,NA,NA
cicero,37688,3,263,mei,Provável,4.9,13.54,-0.66,8.63,Botafogo,NA,NA,1,1,11,1,NA,7,5,NA,NA,NA,1,NA,NA,NA,NA,NA
erik,84848,3,263,ata,Provável,8.6,13.03,0.93,7.83,Botafogo,NA,3,3,1,8,1,NA,8,4,NA,NA,NA,1,NA,NA,NA,NA,NA
kieza,68930,3,356,ata,Nulo,0,4.6,0,1.5,Fortaleza,NA,1,1,1,3,NA,NA,NA,NA,NA,NA,NA,NA,NA,NA,NA,NA,NA
alex-santana,85465,3,263,mei,Nulo,9.7,9.43,2.33,4.7,Botafogo,NA,1,NA,NA,2,1,NA,2,1,NA,NA,NA,NA,NA,NA,NA,NA,NA
gabriel,87393,3,263,zag,Provável,12.2,8.57,3.43,5.07,Botafogo,NA,NA,NA,NA,3,NA,NA,6,7,NA,NA,1,NA,NA,NA,NA,NA,NA
luiz-fernando,90715,3,263,mei,Nulo,0,4.17,0,0.35,Botafogo,NA,NA,NA,NA,2,NA,NA,1,NA,NA,NA,NA,NA,NA,NA,NA,NA,NA
jean,89150,3,263,mei,Nulo,0,5,0,0,Botafogo,NA,NA,NA,NA,NA,NA,NA,NA,NA,NA,NA,NA,NA,NA,NA,NA,NA,NA
leonardo-valencia,91508,3,263,mei,Nulo,0,5.76,0,0.65,Botafogo,NA,NA,NA,2,NA,NA,NA,1,NA,NA,NA,NA,NA,NA,NA,NA,NA,NA
gustavo-ferrareis,89815,3,263,mei,Nulo,0,3.61,0,0.2,Botafogo,NA,NA,NA,NA,1,NA,NA,1,NA,NA,NA,NA,NA,NA,NA,NA,NA,NA
alan-santos,70132,3,263,mei,Nulo,0,4,0,0,Botafogo,NA,NA,NA,NA,NA,NA,NA,NA,NA,NA,NA,NA,NA,NA,NA,NA,NA,NA
diego,99430,3,263,gol,Nulo,0,1,0,0,Botafogo,NA,NA,NA,NA,NA,NA,NA,NA,NA,NA,NA,NA,NA,NA,NA,NA,NA,NA
joel-carli,93414,3,263,zag,Provável,6,8.12,1.06,3.57,Botafogo,1,1,NA,NA,2,NA,NA,11,7,NA,NA,1,NA,NA,NA,NA,NA,NA
gustavo-bochecha,95798,3,263,mei,Provável,0.2,7.3,-0.64,2.53,Botafogo,NA,3,NA,NA,5,NA,NA,8,6,NA,NA,NA,NA,NA,NA,NA,NA,NA
wenderson,99474,3,263,mei,Nulo,0,3.4,0,2.9,Botafogo,NA,NA,NA,NA,4,NA,NA,2,1,NA,NA,NA,NA,NA,NA,NA,NA,NA
marcinho,93797,3,263,lat,Nulo,5,6.08,1.23,2.2,Botafogo,NA,2,NA,1,NA,NA,NA,4,2,NA,NA,1,NA,NA,NA,NA,NA,NA
igor-cassio,99661,3,263,ata,Nulo,0,2,0,0,Botafogo,NA,NA,NA,NA,NA,NA,NA,NA,NA,NA,NA,NA,NA,NA,NA,NA,NA,NA
marcelo-benevenuto,95638,3,263,zag,Nulo,0,6,0,0,Botafogo,NA,NA,NA,NA,NA,NA,NA,NA,NA,NA,NA,NA,NA,NA,NA,NA,NA,NA
andrew,103183,3,263,gol,Nulo,0,2,0,0,Botafogo,NA,NA,NA,NA,NA,NA,NA,NA,NA,NA,NA,NA,NA,NA,NA,NA,NA,NA
fernando,99550,3,263,lat,Provável,7.2,3.16,2.16,7.2,Botafogo,NA,3,NA,NA,2,NA,NA,1,2,NA,NA,1,NA,NA,NA,NA,NA,NA
rhuan,102958,3,263,ata,Nulo,0,1,0,0,Botafogo,NA,NA,NA,NA,NA,NA,NA,NA,NA,NA,NA,NA,NA,NA,NA,NA,NA,NA
rickson,100002,3,263,mei,Nulo,0,2,0,0,Botafogo,NA,NA,NA,NA,NA,NA,NA,NA,NA,NA,NA,NA,NA,NA,NA,NA,NA,NA
alessandro,104081,3,263,mei,Nulo,0,1,0,0,Botafogo,NA,NA,NA,NA,NA,NA,NA,NA,NA,NA,NA,NA,NA,NA,NA,NA,NA,NA
jonathan,102597,3,263,lat,Dúvida,0,1.04,0,-2.5,Botafogo,1,1,NA,NA,NA,NA,NA,NA,NA,NA,NA,NA,NA,NA,NA,NA,NA,NA
glauber,104610,3,263,zag,Nulo,0,2,0,0,Botafogo,NA,NA,NA,NA,NA,NA,NA,NA,NA,NA,NA,NA,NA,NA,NA,NA,NA,NA
lucas-alves,104651,3,263,gol,Nulo,0,1,0,0,Botafogo,NA,NA,NA,NA,NA,NA,NA,NA,NA,NA,NA,NA,NA,NA,NA,NA,NA,NA
fernando-henrique,37717,3,354,gol,Nulo,0,4,0,0,Ceará,NA,NA,NA,NA,NA,NA,NA,NA,NA,NA,NA,NA,NA,NA,NA,NA,NA,NA
andre,104080,3,263,gol,Nulo,0,1,0,0,Botafogo,NA,NA,NA,NA,NA,NA,NA,NA,NA,NA,NA,NA,NA,NA,NA,NA,NA,NA
lucas-barros,104650,3,263,lat,Nulo,0,1,0,0,Botafogo,NA,NA,NA,NA,NA,NA,NA,NA,NA,NA,NA,NA,NA,NA,NA,NA,NA,NA
edinho,37792,3,354,mei,Provável,-0.8,2.63,-1.37,-0.8,Ceará,NA,NA,NA,NA,2,NA,NA,6,NA,NA,NA,NA,NA,NA,NA,NA,NA,NA
pedro-ken,50877,3,354,mei,Nulo,1,3.24,-0.76,1,Ceará,NA,NA,NA,NA,2,NA,NA,NA,NA,NA,NA,NA,NA,NA,NA,NA,NA,NA
tiago-alves,51495,3,354,zag,Provável,2,6.82,-0.04,2.97,Ceará,NA,2,NA,1,1,NA,NA,3,3,NA,NA,1,NA,NA,NA,NA,NA,NA
thiago-carleto,51700,3,354,lat,Provável,1,7.73,-0.52,2.1,Ceará,NA,3,1,1,1,NA,NA,9,2,NA,NA,1,NA,NA,NA,NA,NA,NA
felipe-baxola,71113,3,354,mei,Contundido,0,6,0,0,Ceará,NA,NA,NA,NA,NA,NA,NA,NA,NA,NA,NA,NA,NA,NA,NA,NA,NA,NA
roger,38287,3,354,ata,Nulo,0,5.64,0,3,Ceará,NA,NA,NA,NA,NA,NA,NA,NA,NA,NA,NA,NA,NA,1,NA,NA,NA,NA
ricardo-bueno,69141,3,354,ata,Provável,9.6,19.89,2.05,9.13,Ceará,NA,7,2,3,1,3,3,3,2,NA,NA,NA,1,NA,NA,NA,1,NA
juninho,71937,3,356,mei,Provável,-0.3,4.25,-1.75,-0.3,Fortaleza,1,3,NA,NA,1,NA,NA,1,2,NA,NA,NA,NA,NA,NA,NA,NA,NA
diogo-silva,71882,3,354,gol,Provável,-1,8.12,-1.32,3.57,Ceará,NA,NA,NA,NA,NA,NA,NA,1,NA,4,3,1,NA,NA,NA,NA,NA,NA
samuel-xavier,73384,3,354,lat,Provável,4.7,13.02,0.2,5.83,Ceará,NA,1,NA,1,3,NA,1,6,2,NA,NA,1,2,NA,NA,NA,NA,NA
luiz-fernando,105176,3,293,ata,Nulo,0,2,0,0,Athlético-PR,NA,NA,NA,NA,NA,NA,NA,NA,NA,NA,NA,NA,NA,NA,NA,NA,NA,NA
luiz-otavio,72359,3,354,zag,Provável,0.9,11.17,-0.95,4.33,Ceará,NA,2,NA,NA,2,NA,NA,5,3,NA,NA,1,1,NA,NA,NA,NA,NA
eduardo-brock,78654,3,354,zag,Nulo,0,4,0,0,Ceará,NA,NA,NA,NA,NA,NA,NA,NA,NA,NA,NA,NA,NA,NA,NA,NA,NA,NA
juninho-quixada,71787,3,354,mei,Contundido,0,5,0,0,Ceará,NA,NA,NA,NA,NA,NA,NA,NA,NA,NA,NA,NA,NA,NA,NA,NA,NA,NA
bryan,97536,3,315,lat,Nulo,0,2,0,0,Chapecoense,NA,NA,NA,NA,NA,NA,NA,NA,NA,NA,NA,NA,NA,NA,NA,NA,NA,NA
helerson,101073,3,263,zag,Nulo,0,2,0,0,Botafogo,NA,NA,NA,NA,NA,NA,NA,NA,NA,NA,NA,NA,NA,NA,NA,NA,NA,NA
auremir,77570,3,354,mei,Nulo,0,4.43,0,2.1,Ceará,NA,5,NA,NA,2,NA,NA,6,5,NA,NA,NA,NA,NA,NA,NA,NA,NA
cristovam,82930,3,354,lat,Nulo,0,3,0,0,Ceará,NA,NA,NA,NA,NA,NA,NA,NA,NA,NA,NA,NA,NA,NA,NA,NA,NA,NA
richard,78851,3,354,gol,Nulo,0,6,0,0,Ceará,NA,NA,NA,NA,NA,NA,NA,NA,NA,NA,NA,NA,NA,NA,NA,NA,NA,NA
romario-rodrigues,79336,3,354,ata,Nulo,0,2,0,0,Ceará,NA,NA,NA,NA,NA,NA,NA,NA,NA,NA,NA,NA,NA,NA,NA,NA,NA,NA
chico,82407,3,354,mei,Nulo,-0.3,4.42,-0.59,0.83,Ceará,NA,7,NA,NA,3,NA,NA,5,4,NA,NA,NA,NA,NA,NA,NA,NA,NA
fabinho,80393,3,354,mei,Provável,1.5,5.95,-0.16,2.2,Ceará,NA,3,NA,NA,NA,NA,NA,3,6,NA,NA,NA,NA,NA,NA,NA,NA,NA
fernando-sobral,84428,3,354,mei,Provável,-0.9,3.8,-0.94,1.33,Ceará,NA,4,NA,2,1,NA,NA,7,4,NA,NA,NA,NA,NA,NA,NA,NA,NA
charles,84187,3,354,zag,Nulo,0,4,0,0,Ceará,NA,NA,NA,NA,NA,NA,NA,NA,NA,NA,NA,NA,NA,NA,NA,NA,NA,NA
vitor-feijao,93005,3,354,ata,Nulo,0,3,0,0,Ceará,NA,NA,NA,NA,NA,NA,NA,NA,NA,NA,NA,NA,NA,NA,NA,NA,NA,NA
valdo,84509,3,354,zag,Nulo,0,3,0,0,Ceará,NA,NA,NA,NA,NA,NA,NA,NA,NA,NA,NA,NA,NA,NA,NA,NA,NA,NA
joao-lucas,86740,3,354,lat,Nulo,0,12.49,0,13,Ceará,NA,NA,NA,NA,NA,1,NA,NA,NA,NA,NA,1,NA,NA,NA,NA,NA,NA
william-oliveira,94297,3,354,mei,Nulo,0,3,0,0,Ceará,NA,NA,NA,NA,NA,NA,NA,NA,NA,NA,NA,NA,NA,NA,NA,NA,NA,NA
marco-ruben,73741,3,293,ata,Provável,0,18.83,0,9.45,Athlético-PR,NA,3,1,1,NA,1,NA,2,2,NA,NA,NA,1,1,NA,NA,NA,NA
joao-paulo,91972,3,354,ata,Nulo,0,3,0,0,Ceará,NA,NA,NA,NA,NA,NA,NA,NA,NA,NA,NA,NA,NA,NA,NA,NA,NA,NA
matheus-matias,100430,3,314,ata,Nulo,0,2.18,-0.82,0,Avaí,NA,1,NA,NA,1,NA,NA,NA,NA,NA,NA,NA,NA,NA,NA,NA,NA,NA
leo,71043,3,293,gol,Nulo,0,3,0,0,Athlético-PR,NA,NA,NA,NA,NA,NA,NA,NA,NA,NA,NA,NA,NA,NA,NA,NA,NA,NA
leandro-carvalho,88669,3,354,ata,Provável,0,12.04,0,5.75,Ceará,NA,1,1,2,1,1,1,6,2,NA,NA,NA,NA,NA,NA,NA,NA,NA
leo-pereira,83528,3,293,zag,Provável,1.7,9.1,-0.9,4.83,Athlético-PR,1,3,2,1,2,1,1,9,6,NA,NA,NA,NA,NA,NA,NA,NA,NA
leo-cittadini,70986,3,293,mei,Nulo,6,5.66,0.66,6,Athlético-PR,NA,3,1,2,1,NA,NA,1,3,NA,NA,NA,NA,NA,NA,NA,NA,NA
lucho-gonzalez,71479,3,293,mei,Nulo,0.7,5.32,-1.68,0.7,Athlético-PR,NA,1,1,NA,NA,NA,NA,NA,NA,NA,NA,NA,NA,NA,NA,NA,NA,NA
madson,78077,3,293,lat,Contundido,0,4,0,0,Athlético-PR,NA,NA,NA,NA,NA,NA,NA,NA,NA,NA,NA,NA,NA,NA,NA,NA,NA,NA
bruno-nazario,81776,3,293,mei,Nulo,0,3,0,0,Athlético-PR,NA,NA,NA,NA,NA,NA,NA,NA,NA,NA,NA,NA,NA,NA,NA,NA,NA,NA
eder,91203,3,293,zag,Nulo,0,3,0,0,Athlético-PR,NA,NA,NA,NA,NA,NA,NA,NA,NA,NA,NA,NA,NA,NA,NA,NA,NA,NA
matheus-rossetto,86766,3,293,mei,Nulo,0,4,0,0,Athlético-PR,NA,NA,NA,NA,NA,NA,NA,NA,NA,NA,NA,NA,NA,NA,NA,NA,NA,NA
ze-ivaldo,91866,3,293,zag,Nulo,0,4,0,0,Athlético-PR,NA,NA,NA,NA,NA,NA,NA,NA,NA,NA,NA,NA,NA,NA,NA,NA,NA,NA
rony,91607,3,293,ata,Provável,7.7,12.19,1.46,6.3,Athlético-PR,1,4,2,2,8,1,1,2,2,NA,NA,NA,1,NA,NA,NA,NA,NA
bill,95131,3,293,ata,Nulo,0,2,0,0,Athlético-PR,NA,NA,NA,NA,NA,NA,NA,NA,NA,NA,NA,NA,NA,NA,NA,NA,NA,NA
tomas-andrade,97619,3,293,mei,Provável,0,5.24,0,1.25,Athlético-PR,NA,NA,1,2,3,NA,NA,6,NA,NA,NA,NA,NA,NA,NA,NA,NA,NA
jaderson,98224,3,293,mei,Nulo,0,1,0,0,Athlético-PR,NA,NA,NA,NA,NA,NA,NA,NA,NA,NA,NA,NA,NA,NA,NA,NA,NA,NA
renan-lodi,96591,3,293,lat,Provável,0,7.9,0,1.55,Athlético-PR,NA,5,4,NA,4,NA,NA,4,NA,NA,NA,NA,NA,NA,NA,NA,NA,NA
tiago-nunes,98057,3,293,tec,Provável,3.16,8.77,0.11,3.55,Athlético-PR,NA,NA,NA,NA,NA,NA,NA,NA,NA,NA,NA,NA,NA,NA,NA,NA,NA,NA
robson-bambu,101579,3,293,zag,Nulo,0.6,4.56,-1.44,0.6,Athlético-PR,NA,3,1,NA,NA,NA,NA,2,1,NA,NA,NA,NA,NA,NA,NA,NA,NA
bruno-guimaraes,98352,3,293,mei,Provável,0,13.46,0,6.35,Athlético-PR,NA,6,NA,1,6,1,NA,2,1,NA,NA,NA,NA,1,NA,NA,NA,NA
erick,98022,3,293,mei,Nulo,2.4,1.54,0.54,2.4,Athlético-PR,NA,3,2,NA,NA,NA,NA,NA,1,NA,NA,NA,NA,NA,NA,NA,NA,NA
alex-nagib,98933,3,293,mei,Nulo,0,1,0,0,Athlético-PR,NA,NA,NA,NA,NA,NA,NA,NA,NA,NA,NA,NA,NA,NA,NA,NA,NA,NA
vitinho,101960,3,293,ata,Nulo,1.8,1.23,0.51,0.9,Athlético-PR,NA,NA,NA,1,2,NA,NA,NA,NA,NA,NA,NA,NA,NA,NA,NA,NA,NA
demethryus,101678,3,293,mei,Nulo,0,1,0,0,Athlético-PR,NA,NA,NA,NA,NA,NA,NA,NA,NA,NA,NA,NA,NA,NA,NA,NA,NA,NA
plata,98841,3,293,ata,Nulo,0,3,0,0,Athlético-PR,NA,NA,NA,NA,NA,NA,NA,NA,NA,NA,NA,NA,NA,NA,NA,NA,NA,NA
caio,99460,3,293,gol,Nulo,0,1,0,0,Athlético-PR,NA,NA,NA,NA,NA,NA,NA,NA,NA,NA,NA,NA,NA,NA,NA,NA,NA,NA
braian-romero,101997,3,293,ata,Nulo,-0.8,2.06,-0.62,-0.65,Athlético-PR,1,3,NA,1,1,NA,NA,2,1,NA,NA,NA,NA,NA,NA,NA,NA,NA
tiepo,98412,3,315,gol,Provável,1.5,15.23,-0.96,7.5,Chapecoense,NA,NA,NA,NA,1,NA,NA,NA,NA,7,2,1,NA,NA,NA,NA,NA,NA
kendy,98421,3,315,mei,Nulo,0,2,0,0,Chapecoense,NA,NA,NA,NA,NA,NA,NA,NA,NA,NA,NA,NA,NA,NA,NA,NA,NA,NA
diego-torres,98794,3,315,mei,Provável,3.1,3.78,0.1,1.7,Chapecoense,NA,NA,1,2,3,NA,NA,8,1,NA,NA,NA,NA,NA,NA,NA,NA,NA
gabriel,102290,3,293,gol,Nulo,0,1,0,0,Athlético-PR,NA,NA,NA,NA,NA,NA,NA,NA,NA,NA,NA,NA,NA,NA,NA,NA,NA,NA
renzo,104332,3,293,mei,Nulo,0,1,0,0,Athlético-PR,NA,NA,NA,NA,NA,NA,NA,NA,NA,NA,NA,NA,NA,NA,NA,NA,NA,NA
lucas-halter,102253,3,293,zag,Nulo,0,3,0,0,Athlético-PR,NA,NA,NA,NA,NA,NA,NA,NA,NA,NA,NA,NA,NA,NA,NA,NA,NA,NA
gabriel-poveda,102877,3,293,ata,Nulo,0,2,0,0,Athlético-PR,NA,NA,NA,NA,NA,NA,NA,NA,NA,NA,NA,NA,NA,NA,NA,NA,NA,NA
yann-rolim,102892,3,315,mei,Contundido,0,4,0,0,Chapecoense,NA,NA,NA,NA,NA,NA,NA,NA,NA,NA,NA,NA,NA,NA,NA,NA,NA,NA
orzusa,99160,3,315,mei,Nulo,0,2,0,0,Chapecoense,NA,NA,NA,NA,NA,NA,NA,NA,NA,NA,NA,NA,NA,NA,NA,NA,NA,NA
bruno-leite,102301,3,293,mei,Contundido,0,2,0,0,Athlético-PR,NA,NA,NA,NA,NA,NA,NA,NA,NA,NA,NA,NA,NA,NA,NA,NA,NA,NA
julian,104333,3,314,mei,Nulo,0,2,0,0,Avaí,NA,NA,NA,NA,NA,NA,NA,NA,NA,NA,NA,NA,NA,NA,NA,NA,NA,NA
igor-campos,101421,3,315,gol,Nulo,0,1,0,0,Chapecoense,NA,NA,NA,NA,NA,NA,NA,NA,NA,NA,NA,NA,NA,NA,NA,NA,NA,NA
christian,104502,3,293,mei,Nulo,0,1,0,0,Athlético-PR,NA,NA,NA,NA,NA,NA,NA,NA,NA,NA,NA,NA,NA,NA,NA,NA,NA,NA
bruno-silva,101422,3,315,ata,Nulo,-0.3,2.8,-1.2,-0.3,Chapecoense,NA,NA,NA,NA,NA,NA,NA,1,NA,NA,NA,NA,NA,NA,NA,NA,NA,NA
bento,105208,3,293,gol,Nulo,0,1,0,0,Athlético-PR,NA,NA,NA,NA,NA,NA,NA,NA,NA,NA,NA,NA,NA,NA,NA,NA,NA,NA
weverton-almeida,100459,3,293,zag,Contundido,0,2,0,0,Athlético-PR,NA,NA,NA,NA,NA,NA,NA,NA,NA,NA,NA,NA,NA,NA,NA,NA,NA,NA
renato,39572,3,315,ata,Provável,3.3,5.41,0.45,2.27,Chapecoense,NA,NA,1,2,8,NA,NA,NA,NA,NA,NA,NA,NA,NA,NA,NA,NA,NA
diego-tardelli,38231,3,284,ata,Nulo,0,9.96,0,1.9,Grêmio,NA,NA,3,NA,1,NA,NA,6,1,NA,NA,NA,NA,NA,NA,NA,NA,NA
marcelo-oliveira,50328,3,284,zag,Contundido,0,5,0,0,Grêmio,NA,NA,NA,NA,NA,NA,NA,NA,NA,NA,NA,NA,NA,NA,NA,NA,NA,NA
amaral,42232,3,315,mei,Nulo,0,3.47,0,0,Chapecoense,NA,NA,NA,NA,NA,NA,NA,NA,NA,NA,NA,NA,NA,NA,NA,NA,NA,NA
julio-cesar,49673,3,284,gol,Nulo,5,6.05,0.05,5,Grêmio,NA,NA,NA,NA,NA,NA,NA,NA,NA,5,5,NA,NA,NA,NA,NA,NA,NA
khellven,105175,3,293,lat,Nulo,0,1,0,0,Athlético-PR,NA,NA,NA,NA,NA,NA,NA,NA,NA,NA,NA,NA,NA,NA,NA,NA,NA,NA
elicarlos,50313,3,315,mei,Contundido,0,6,0,0,Chapecoense,NA,NA,NA,NA,NA,NA,NA,NA,NA,NA,NA,NA,NA,NA,NA,NA,NA,NA
eduardo,50645,3,315,lat,Provável,0.9,9.19,-0.66,3.3,Chapecoense,NA,NA,NA,NA,2,NA,NA,7,4,NA,NA,1,NA,NA,NA,NA,NA,NA
alex-amado,78475,3,354,ata,Nulo,0,2,0,0,Ceará,NA,NA,NA,NA,NA,NA,NA,NA,NA,NA,NA,NA,NA,NA,NA,NA,NA,NA
rafael-pereira,51194,3,315,zag,Nulo,0,5,0,0,Chapecoense,NA,NA,NA,NA,NA,NA,NA,NA,NA,NA,NA,NA,NA,NA,NA,NA,NA,NA
gerson-junior,104824,3,341,ata,Nulo,0,1,0,0,CSA,NA,NA,NA,NA,NA,NA,NA,NA,NA,NA,NA,NA,NA,NA,NA,NA,NA,NA
alan-ruschel,63110,3,315,lat,Nulo,-2.3,6.09,-1.59,1.67,Chapecoense,NA,11,1,NA,8,NA,NA,4,1,NA,NA,1,NA,NA,NA,NA,NA,NA
paulo-victor,68873,3,284,gol,Provável,0,1.86,0,-1.95,Grêmio,NA,NA,NA,NA,NA,NA,NA,3,NA,1,3,NA,NA,NA,NA,NA,NA,NA
marinho,68952,3,284,ata,Nulo,3.7,6.33,-0.67,3.7,Grêmio,NA,1,1,1,2,NA,NA,1,1,NA,NA,NA,NA,NA,NA,NA,NA,NA
paulo-miranda,68817,3,284,zag,Nulo,0,5,0,0,Grêmio,NA,NA,NA,NA,NA,NA,NA,NA,NA,NA,NA,NA,NA,NA,NA,NA,NA,NA
lucas-romero,84558,3,283,mei,Nulo,0,1.43,0,-0.25,Cruzeiro,2,5,NA,NA,NA,NA,NA,5,5,NA,NA,NA,NA,NA,NA,NA,NA,NA
andre,68690,3,284,ata,Provável,14.2,12.53,3.97,7.43,Grêmio,NA,2,2,3,5,1,NA,5,1,NA,NA,NA,1,1,NA,NA,NA,NA
douglas,63128,3,315,zag,Provável,-2.5,2.83,-1.29,-0.2,Chapecoense,2,4,NA,1,1,NA,NA,3,NA,NA,NA,1,NA,NA,NA,NA,NA,NA
michel,71920,3,284,mei,Nulo,4.8,4.85,1.16,1.65,Grêmio,NA,3,NA,1,NA,NA,NA,NA,6,NA,NA,NA,NA,NA,NA,1,NA,NA
neto,69008,3,315,zag,Nulo,0,2,0,0,Chapecoense,NA,NA,NA,NA,NA,NA,NA,NA,NA,NA,NA,NA,NA,NA,NA,NA,NA,NA
gum,68887,3,315,zag,Provável,1.7,5.75,-0.01,1.63,Chapecoense,NA,NA,1,2,NA,NA,1,8,NA,NA,NA,1,NA,NA,NA,NA,NA,NA
alisson,81845,3,284,mei,Provável,5.6,6.45,0.76,3.9,Grêmio,NA,2,1,NA,1,NA,NA,3,2,NA,NA,NA,1,NA,NA,NA,NA,NA
leonardo,86973,3,284,lat,Provável,0,4.44,0,0.45,Grêmio,1,3,1,1,NA,NA,NA,7,3,NA,NA,NA,NA,NA,NA,NA,NA,NA
tharlis,102997,3,315,mei,Nulo,0,3.43,0,2.9,Chapecoense,NA,2,NA,NA,NA,NA,NA,2,3,NA,NA,NA,NA,NA,NA,NA,NA,NA
raniel,86797,3,283,ata,Contundido,0,8,0,0,Cruzeiro,NA,NA,NA,NA,NA,NA,NA,NA,NA,NA,NA,NA,NA,NA,NA,NA,NA,NA
augusto,71042,3,315,mei,Provável,4.2,4.33,0.33,4.2,Chapecoense,NA,1,1,NA,1,NA,NA,NA,2,NA,NA,NA,NA,NA,NA,NA,NA,NA
luan,86759,3,284,ata,Nulo,5.9,9.82,0.99,2.17,Grêmio,NA,1,3,NA,2,NA,1,7,NA,NA,NA,NA,1,NA,NA,NA,NA,NA
trellez,87679,3,285,ata,Nulo,0,6,0,0,Internacional,NA,NA,NA,NA,NA,NA,NA,NA,NA,NA,NA,NA,NA,NA,NA,NA,NA,NA
vini-locatelli,102998,3,315,mei,Nulo,0,1,0,0,Chapecoense,NA,NA,NA,NA,NA,NA,NA,NA,NA,NA,NA,NA,NA,NA,NA,NA,NA,NA
gustavo-campanharo,72497,3,315,mei,Nulo,5.2,3.64,1.48,2.1,Chapecoense,NA,4,1,2,2,NA,NA,5,4,NA,NA,NA,NA,NA,NA,NA,NA,NA
roberto,71116,3,315,lat,Nulo,0,4,0,0,Chapecoense,NA,NA,NA,NA,NA,NA,NA,NA,NA,NA,NA,NA,NA,NA,NA,NA,NA,NA
regis,102999,3,315,mei,Provável,0.7,4.01,-0.24,1.9,Chapecoense,NA,4,NA,3,1,NA,NA,4,4,NA,NA,NA,NA,NA,NA,NA,NA,NA
rildo,73635,3,315,ata,Contundido,0,6,0,0,Chapecoense,NA,NA,NA,NA,NA,NA,NA,NA,NA,NA,NA,NA,NA,NA,NA,NA,NA,NA
pepe,91201,3,284,ata,Nulo,0,5,0,0,Grêmio,NA,NA,NA,NA,NA,NA,NA,NA,NA,NA,NA,NA,NA,NA,NA,NA,NA,NA
vagner-love,38959,3,264,ata,Nulo,0.2,3.27,-0.4,-1.13,Corinthians,1,3,NA,1,1,NA,NA,4,NA,NA,NA,NA,NA,NA,NA,NA,NA,NA
thaciano,87470,3,284,mei,Nulo,0,3.88,0,0.6,Grêmio,NA,NA,NA,NA,1,NA,1,3,1,NA,NA,NA,NA,NA,NA,NA,NA,NA
jadson,38315,3,264,mei,Nulo,-2.7,4.12,-2.82,-1.35,Corinthians,1,2,NA,2,1,NA,NA,6,NA,NA,NA,NA,NA,NA,NA,NA,NA,NA
henrique,50856,3,264,zag,Dúvida,0,8,0,0,Corinthians,NA,NA,NA,NA,NA,NA,NA,NA,NA,NA,NA,NA,NA,NA,NA,NA,NA,NA
rodrigues,91251,3,284,zag,Nulo,0,2,0,0,Grêmio,NA,NA,NA,NA,NA,NA,NA,NA,NA,NA,NA,NA,NA,NA,NA,NA,NA,NA
renato-gaucho,41929,3,284,tec,Provável,5.94,11.07,0.8,4,Grêmio,NA,NA,NA,NA,NA,NA,NA,NA,NA,NA,NA,NA,NA,NA,NA,NA,NA,NA
walter,51413,3,264,gol,Nulo,0,7,0,0,Corinthians,NA,NA,NA,NA,NA,NA,NA,NA,NA,NA,NA,NA,NA,NA,NA,NA,NA,NA
felipe-vizeu,94138,3,284,ata,Nulo,0,2.38,-0.39,-0.1,Grêmio,NA,2,NA,1,1,NA,NA,2,NA,NA,NA,NA,NA,NA,NA,NA,NA,NA
vico,95622,3,284,ata,Nulo,0,1,0,0,Grêmio,NA,NA,NA,NA,NA,NA,NA,NA,NA,NA,NA,NA,NA,NA,NA,NA,NA,NA
juninho-capixaba,94968,3,284,lat,Nulo,0,6.61,0,6.9,Grêmio,NA,3,NA,NA,6,NA,NA,2,4,NA,NA,NA,NA,NA,NA,NA,NA,NA
guilherme-guedes,100741,3,284,lat,Nulo,0,3,0,0,Grêmio,NA,NA,NA,NA,NA,NA,NA,NA,NA,NA,NA,NA,NA,NA,NA,NA,NA,NA
boselli,69161,3,264,ata,Provável,0,3.1,0,-0.9,Corinthians,1,NA,NA,NA,2,NA,1,1,NA,NA,NA,NA,NA,NA,NA,NA,NA,NA
manoel,69014,3,264,zag,Provável,0,10.27,0,5.1,Corinthians,1,1,NA,1,NA,NA,NA,2,5,NA,NA,1,NA,NA,NA,NA,NA,NA
fabio-carille,70696,3,264,tec,Provável,3.03,9.97,-0.27,3.87,Corinthians,NA,NA,NA,NA,NA,NA,NA,NA,NA,NA,NA,NA,NA,NA,NA,NA,NA,NA
jean-pyerre,98832,3,284,mei,Provável,8.9,9.31,1.89,6.8,Grêmio,NA,1,1,1,1,1,NA,3,3,NA,NA,NA,NA,NA,NA,NA,NA,NA
matheus-henrique,100742,3,284,mei,Provável,-2.9,3.47,-1.62,0.43,Grêmio,2,3,NA,1,6,NA,NA,10,4,NA,NA,NA,NA,NA,NA,NA,NA,NA
gustavo,86932,3,264,ata,Contundido,0,5,0,0,Corinthians,NA,NA,NA,NA,NA,NA,NA,NA,NA,NA,NA,NA,NA,NA,NA,NA,NA,NA
brenno,100830,3,284,gol,Nulo,0,2,0,0,Grêmio,NA,NA,NA,NA,NA,NA,NA,NA,NA,NA,NA,NA,NA,NA,NA,NA,NA,NA
marllon,70666,3,264,zag,Nulo,6.7,5.9,0.9,6.7,Corinthians,NA,NA,NA,1,4,NA,NA,2,3,NA,NA,NA,NA,NA,NA,NA,NA,NA
junior-urso,71829,3,264,mei,Dúvida,0,9,0,0,Corinthians,NA,NA,NA,NA,NA,NA,NA,NA,NA,NA,NA,NA,NA,NA,NA,NA,NA,NA
marcos-vinicius,73721,3,315,mei,Nulo,0,5,0,0,Chapecoense,NA,NA,NA,NA,NA,NA,NA,NA,NA,NA,NA,NA,NA,NA,NA,NA,NA,NA
danilo-avelar,72142,3,264,lat,Provável,0,6,0,0,Corinthians,NA,NA,NA,NA,NA,NA,NA,NA,NA,NA,NA,NA,NA,NA,NA,NA,NA,NA
moises-ribeiro,78991,3,315,mei,Suspenso,0,3,0,0,Chapecoense,NA,NA,NA,NA,NA,NA,NA,NA,NA,NA,NA,NA,NA,NA,NA,NA,NA,NA
emanuel,100840,3,284,zag,Nulo,0,2,0,0,Grêmio,NA,NA,NA,NA,NA,NA,NA,NA,NA,NA,NA,NA,NA,NA,NA,NA,NA,NA
antonini,103069,3,284,zag,Nulo,0,1,0,0,Grêmio,NA,NA,NA,NA,NA,NA,NA,NA,NA,NA,NA,NA,NA,NA,NA,NA,NA,NA
joilson,80779,3,315,zag,Nulo,0,2,0,0,Chapecoense,NA,NA,NA,NA,NA,NA,NA,NA,NA,NA,NA,NA,NA,NA,NA,NA,NA,NA
thonny-anderson,101484,3,284,mei,Nulo,0,4,0,0,Grêmio,NA,NA,NA,NA,NA,NA,NA,NA,NA,NA,NA,NA,NA,NA,NA,NA,NA,NA
everaldo,78117,3,315,ata,Provável,12.9,17.99,2.95,10,Chapecoense,NA,8,2,5,3,3,NA,3,2,NA,NA,NA,NA,NA,NA,NA,NA,NA
rene-junior,73281,3,264,mei,Nulo,0,7,0,0,Corinthians,NA,NA,NA,NA,NA,NA,NA,NA,NA,NA,NA,NA,NA,NA,NA,NA,NA,NA
ramiro,78715,3,264,mei,Dúvida,0,14.09,-1.41,4.87,Corinthians,NA,4,1,1,3,NA,NA,3,6,NA,NA,NA,1,NA,NA,NA,NA,NA
gabriel,78605,3,264,mei,Contundido,0,7,0,0,Corinthians,NA,NA,NA,NA,NA,NA,NA,NA,NA,NA,NA,NA,NA,NA,NA,NA,NA,NA
vinicius-freitas,81537,3,315,lat,Nulo,0,3,0,0,Chapecoense,NA,NA,NA,NA,NA,NA,NA,NA,NA,NA,NA,NA,NA,NA,NA,NA,NA,NA
michel,80664,3,264,lat,Nulo,0.9,2.48,-0.52,0.9,Corinthians,NA,1,NA,NA,1,NA,NA,2,1,NA,NA,NA,NA,NA,NA,NA,NA,NA
aylon,85930,3,315,ata,Nulo,0,2.34,0,-0.2,Chapecoense,1,NA,1,NA,2,NA,NA,2,NA,NA,NA,NA,NA,NA,NA,NA,NA,NA
victor-andrade,80536,3,315,ata,Contundido,0,3,0,0,Chapecoense,NA,NA,NA,NA,NA,NA,NA,NA,NA,NA,NA,NA,NA,NA,NA,NA,NA,NA
david,90309,3,283,ata,Nulo,1.3,5.6,-0.48,2.65,Cruzeiro,NA,4,1,3,3,NA,1,1,2,NA,NA,NA,NA,NA,NA,NA,NA,NA
thiago-santos,93151,3,315,ata,Contundido,0,3,0,0,Chapecoense,NA,NA,NA,NA,NA,NA,NA,NA,NA,NA,NA,NA,NA,NA,NA,NA,NA,NA
bruno-pacheco,90061,3,315,lat,Provável,4.7,14.74,0.06,7.23,Chapecoense,NA,1,NA,NA,4,NA,NA,1,7,NA,NA,1,1,NA,NA,NA,NA,NA
regis,82647,3,264,mei,Nulo,0,5,0,0,Corinthians,NA,NA,NA,NA,NA,NA,NA,NA,NA,NA,NA,NA,NA,NA,NA,NA,NA,NA
pedro-henrique,87225,3,264,zag,Dúvida,4.5,8.82,0.49,4.43,Corinthians,NA,NA,NA,1,3,NA,NA,5,5,NA,NA,1,NA,NA,NA,NA,NA,NA
perotti,94286,3,315,ata,Nulo,0,1.66,0,0.5,Chapecoense,NA,NA,NA,NA,1,NA,NA,NA,NA,NA,NA,NA,NA,NA,NA,NA,NA,NA
lourency,94249,3,315,ata,Nulo,0,3,0,0,Chapecoense,NA,NA,NA,NA,NA,NA,NA,NA,NA,NA,NA,NA,NA,NA,NA,NA,NA,NA
hiago,97535,3,315,zag,Nulo,0,2,0,0,Chapecoense,NA,NA,NA,NA,NA,NA,NA,NA,NA,NA,NA,NA,NA,NA,NA,NA,NA,NA
clayson,83817,3,264,ata,Provável,0.2,11.17,-1.16,4.07,Corinthians,NA,4,3,1,3,1,NA,9,2,NA,NA,NA,NA,NA,NA,NA,NA,NA
ralf,52190,3,264,mei,Provável,3.3,10.89,-0.32,5.2,Corinthians,NA,1,NA,1,6,NA,NA,4,9,NA,NA,NA,NA,NA,NA,NA,NA,NA
angel-romero,88323,3,264,ata,Nulo,0,6,0,0,Corinthians,NA,NA,NA,NA,NA,NA,NA,NA,NA,NA,NA,NA,NA,NA,NA,NA,NA,NA
orejuela,95352,3,283,lat,Nulo,2.9,5.34,-0.66,2.9,Cruzeiro,NA,3,1,NA,1,NA,NA,1,2,NA,NA,NA,NA,NA,NA,NA,NA,NA
richard,86711,3,264,mei,Nulo,4.2,5.05,0.05,4.2,Corinthians,NA,2,NA,NA,2,NA,NA,1,3,NA,NA,NA,NA,NA,NA,NA,NA,NA
murilo,97653,3,283,zag,Nulo,0,2.22,0,-1.8,Cruzeiro,NA,3,NA,NA,1,NA,NA,1,3,NA,NA,NA,NA,NA,NA,NA,NA,1
andre-luis,92146,3,264,ata,Nulo,2.9,3.88,-0.12,2.9,Corinthians,NA,NA,NA,NA,4,NA,NA,2,1,NA,NA,NA,NA,NA,NA,NA,NA,NA
caique-franca,91808,3,264,gol,Nulo,0,3,0,0,Corinthians,NA,NA,NA,NA,NA,NA,NA,NA,NA,NA,NA,NA,NA,NA,NA,NA,NA,NA
fabricio-bruno,90768,3,283,zag,Nulo,0,5,0,0,Cruzeiro,NA,NA,NA,NA,NA,NA,NA,NA,NA,NA,NA,NA,NA,NA,NA,NA,NA,NA
rafael-santos,97907,3,283,lat,Nulo,0,1,0,0,Cruzeiro,NA,NA,NA,NA,NA,NA,NA,NA,NA,NA,NA,NA,NA,NA,NA,NA,NA,NA
sergio-diaz,94010,3,264,ata,Nulo,0,2,0,0,Corinthians,NA,NA,NA,NA,NA,NA,NA,NA,NA,NA,NA,NA,NA,NA,NA,NA,NA,NA
vitor-eudes,102137,3,283,gol,Nulo,0,2,0,0,Cruzeiro,NA,NA,NA,NA,NA,NA,NA,NA,NA,NA,NA,NA,NA,NA,NA,NA,NA,NA
bruno,42499,3,285,lat,Nulo,0,5.13,0,2.4,Internacional,NA,2,NA,1,1,NA,NA,3,2,NA,NA,NA,NA,NA,NA,NA,NA,NA
rafael-sobis,37798,3,285,ata,Nulo,0,6.35,-1.7,1.3,Internacional,NA,2,NA,2,1,NA,NA,NA,1,NA,NA,NA,NA,NA,NA,NA,NA,NA
caca,102340,3,283,zag,Nulo,0,2,0,0,Cruzeiro,NA,NA,NA,NA,NA,NA,NA,NA,NA,NA,NA,NA,NA,NA,NA,NA,NA,NA
edenilson,63289,3,285,mei,Provável,-2.7,7.23,-2.29,0.45,Internacional,1,4,NA,NA,1,NA,NA,7,1,NA,NA,NA,1,NA,NA,NA,NA,NA
marcelo-cabo,37333,3,341,tec,Provável,5.44,4.45,1.41,3.08,CSA,NA,NA,NA,NA,NA,NA,NA,NA,NA,NA,NA,NA,NA,NA,NA,NA,NA,NA
d-alessandro,62023,3,285,mei,Provável,-0.9,8.51,-1.89,3.2,Internacional,NA,NA,1,NA,1,NA,NA,6,1,NA,NA,NA,1,NA,NA,NA,NA,NA
camilo,62009,3,285,mei,Nulo,0,6.73,0,3.7,Internacional,NA,NA,1,1,1,NA,NA,1,1,NA,NA,NA,NA,NA,NA,NA,NA,NA
uendel,60852,3,285,lat,Nulo,0,1.8,0,-1.4,Internacional,NA,3,1,NA,NA,NA,1,2,NA,NA,NA,NA,NA,NA,NA,NA,NA,NA
mateus-vital,93108,3,264,mei,Nulo,12.4,7.06,3.78,4.2,Corinthians,NA,NA,1,2,3,1,NA,4,1,NA,NA,NA,NA,NA,NA,NA,NA,NA
fessin,97994,3,264,mei,Nulo,0,2,0,0,Corinthians,NA,NA,NA,NA,NA,NA,NA,NA,NA,NA,NA,NA,NA,NA,NA,NA,NA,NA
carlinhos,38451,3,341,lat,Provável,5.6,4.36,0.75,2.4,CSA,NA,NA,NA,NA,2,NA,NA,9,1,NA,NA,1,NA,NA,NA,NA,NA,NA
michel,103579,3,283,mei,Nulo,0,2,0,0,Cruzeiro,NA,NA,NA,NA,NA,NA,NA,NA,NA,NA,NA,NA,NA,NA,NA,NA,NA,NA
madson,42467,3,341,mei,Provável,2.6,7.39,-0.02,2.9,CSA,NA,1,1,4,9,NA,NA,9,2,NA,NA,NA,NA,NA,NA,NA,NA,NA
wellington-silva,68895,3,285,ata,Nulo,0,6,0,0,Internacional,NA,NA,NA,NA,NA,NA,NA,NA,NA,NA,NA,NA,NA,NA,NA,NA,NA,NA
rithely,68834,3,285,mei,Nulo,0,6,0,0,Internacional,NA,NA,NA,NA,NA,NA,NA,NA,NA,NA,NA,NA,NA,NA,NA,NA,NA,NA
fabricio,61228,3,341,gol,Nulo,0,1,0,0,CSA,NA,NA,NA,NA,NA,NA,NA,NA,NA,NA,NA,NA,NA,NA,NA,NA,NA,NA
filipe,100712,3,264,gol,Nulo,0,2,0,0,Corinthians,NA,NA,NA,NA,NA,NA,NA,NA,NA,NA,NA,NA,NA,NA,NA,NA,NA,NA
pedrinho,98706,3,264,mei,Provável,0.2,9.6,-1.01,2.97,Corinthians,NA,1,NA,NA,4,1,NA,7,1,NA,NA,NA,NA,NA,NA,NA,NA,NA
danilo-fernandes,69051,3,285,gol,Contundido,0,7,0,0,Internacional,NA,NA,NA,NA,NA,NA,NA,NA,NA,NA,NA,NA,NA,NA,NA,NA,NA,NA
paolo-guerrero,75295,3,285,ata,Provável,-2.6,11.46,-3.15,4.7,Internacional,1,2,1,2,3,1,1,3,1,NA,NA,NA,NA,NA,NA,NA,NA,NA
carlos-augusto,101803,3,264,lat,Nulo,-0.2,5.59,-1.45,4.23,Corinthians,1,3,NA,1,NA,1,NA,7,3,NA,NA,1,NA,NA,NA,NA,NA,NA
didira,63178,3,341,mei,Provável,2.1,5.44,0.01,2.03,CSA,NA,1,NA,NA,6,NA,NA,8,4,NA,NA,NA,NA,NA,NA,NA,NA,NA
william-pottker,77809,3,285,ata,Nulo,0,8.53,0,2.3,Internacional,NA,NA,1,NA,1,NA,NA,3,1,NA,NA,NA,NA,NA,NA,NA,NA,NA
marcelo-lomba,68872,3,285,gol,Provável,4.5,8.11,0.57,2.5,Internacional,NA,NA,NA,NA,1,NA,NA,NA,NA,5,4,NA,NA,NA,NA,NA,NA,NA
vinicius-popo,105201,3,283,ata,Nulo,0,2,0,0,Cruzeiro,NA,NA,NA,NA,NA,NA,NA,NA,NA,NA,NA,NA,NA,NA,NA,NA,NA,NA
marquinhos,102292,3,264,mei,Nulo,0,1,0,0,Corinthians,NA,NA,NA,NA,NA,NA,NA,NA,NA,NA,NA,NA,NA,NA,NA,NA,NA,NA
ederson,103099,3,283,mei,Nulo,0,2,0,0,Cruzeiro,NA,NA,NA,NA,NA,NA,NA,NA,NA,NA,NA,NA,NA,NA,NA,NA,NA,NA
leandro-souza,62057,3,341,zag,Nulo,0,3.62,0,0,CSA,NA,NA,NA,NA,NA,NA,NA,NA,NA,NA,NA,NA,NA,NA,NA,NA,NA,NA
luciano-castan,68942,3,341,zag,Provável,5.6,6.37,1.11,3.73,CSA,NA,2,NA,NA,NA,NA,NA,6,6,NA,NA,1,NA,NA,NA,NA,NA,NA
cassiano,72033,3,341,ata,Provável,0.5,3.76,-0.46,1.37,CSA,NA,3,1,1,7,NA,1,3,1,NA,NA,NA,NA,NA,NA,NA,NA,NA
emerson-santos,86972,3,285,zag,Contundido,0,2.78,0,-1,Internacional,1,2,1,NA,1,NA,NA,4,1,NA,NA,NA,NA,NA,NA,NA,NA,NA
rodrigo-dourado,78865,3,285,mei,Nulo,0,7.12,0,1.4,Internacional,1,2,NA,NA,1,NA,NA,2,3,NA,NA,NA,NA,NA,NA,NA,NA,NA
armero,68693,3,341,lat,Nulo,4.5,4.23,1.08,2.55,CSA,NA,1,NA,NA,NA,NA,NA,3,1,NA,NA,1,NA,NA,NA,NA,NA,NA
guilherme-parede,83438,3,285,ata,Nulo,1.3,4.35,-0.28,2.65,Internacional,NA,1,NA,2,3,NA,NA,1,2,NA,NA,NA,NA,NA,NA,NA,NA,NA
ronaldo-alves,68950,3,341,zag,Contundido,0,6,0,0,CSA,NA,NA,NA,NA,NA,NA,NA,NA,NA,NA,NA,NA,NA,NA,NA,NA,NA,NA
neilton,83772,3,285,ata,Nulo,0,7.84,0,5.3,Internacional,NA,1,1,1,4,NA,NA,4,2,NA,NA,NA,NA,NA,NA,NA,NA,NA
araos,102352,3,264,mei,Nulo,0,4,0,0,Corinthians,NA,NA,NA,NA,NA,NA,NA,NA,NA,NA,NA,NA,NA,NA,NA,NA,NA,NA
matheus-galdezani,82634,3,285,mei,Contundido,0,5,0,0,Internacional,NA,NA,NA,NA,NA,NA,NA,NA,NA,NA,NA,NA,NA,NA,NA,NA,NA,NA
maidana,70820,3,341,mei,Contundido,0,2.89,0,0,CSA,NA,NA,NA,NA,NA,NA,NA,NA,NA,NA,NA,NA,NA,NA,NA,NA,NA,NA
joao-carlos,69010,3,341,gol,Nulo,0,0.69,0,-6,CSA,NA,1,NA,NA,1,NA,NA,NA,NA,1,2,NA,NA,NA,NA,NA,NA,1
rodrigo-lindoso,72362,3,285,mei,Provável,3.3,6.66,-0.21,3.1,Internacional,NA,1,1,1,1,NA,NA,1,3,NA,NA,NA,NA,NA,NA,NA,NA,NA
zeca,87192,3,285,lat,Provável,2.9,5.68,0.17,2.8,Internacional,2,4,NA,NA,1,NA,NA,3,8,NA,NA,NA,NA,NA,NA,NA,NA,NA
amaral,72071,3,341,mei,Contundido,0,4,0,0,CSA,NA,NA,NA,NA,NA,NA,NA,NA,NA,NA,NA,NA,NA,NA,NA,NA,NA,NA
odair-hellmann,92273,3,285,tec,Provável,2.62,8.11,-0.24,3.48,Internacional,NA,NA,NA,NA,NA,NA,NA,NA,NA,NA,NA,NA,NA,NA,NA,NA,NA,NA
manga-escobar,71704,3,341,ata,Nulo,0,4,0,0,CSA,NA,NA,NA,NA,NA,NA,NA,NA,NA,NA,NA,NA,NA,NA,NA,NA,NA,NA
klaus,90846,3,285,zag,Nulo,0,4,0,0,Internacional,NA,NA,NA,NA,NA,NA,NA,NA,NA,NA,NA,NA,NA,NA,NA,NA,NA,NA
jonatan-alvez,92377,3,285,ata,Nulo,0,6.17,0,3.9,Internacional,NA,NA,1,4,NA,NA,1,NA,NA,NA,NA,NA,NA,NA,NA,NA,NA,NA
keiller,93834,3,285,gol,Nulo,0,2,0,0,Internacional,NA,NA,NA,NA,NA,NA,NA,NA,NA,NA,NA,NA,NA,NA,NA,NA,NA,NA
nonato,100987,3,285,mei,Nulo,0,4.38,0,1.7,Internacional,NA,2,NA,1,NA,NA,NA,3,3,NA,NA,NA,NA,NA,NA,NA,NA,NA
daniel,96468,3,285,gol,Nulo,0,3,0,0,Internacional,NA,NA,NA,NA,NA,NA,NA,NA,NA,NA,NA,NA,NA,NA,NA,NA,NA,NA
carlos-miguel,104084,3,285,gol,Nulo,0,1,0,0,Internacional,NA,NA,NA,NA,NA,NA,NA,NA,NA,NA,NA,NA,NA,NA,NA,NA,NA,NA
sarrafiore,101315,3,285,mei,Nulo,-2.7,3.27,-1.81,1.27,Internacional,1,4,1,1,1,1,NA,9,NA,NA,NA,NA,NA,NA,NA,NA,NA,NA
dudu,97133,3,285,lat,Nulo,0,3,0,0,Internacional,NA,NA,NA,NA,NA,NA,NA,NA,NA,NA,NA,NA,NA,NA,NA,NA,NA,NA
caetano,103575,3,264,lat,Nulo,0,1,0,0,Corinthians,NA,NA,NA,NA,NA,NA,NA,NA,NA,NA,NA,NA,NA,NA,NA,NA,NA,NA
jhon-cley,78652,3,341,mei,Nulo,0,4,0,0,CSA,NA,NA,NA,NA,NA,NA,NA,NA,NA,NA,NA,NA,NA,NA,NA,NA,NA,NA
fabricio-oya,105046,3,264,mei,Nulo,0,2,0,0,Corinthians,NA,NA,NA,NA,NA,NA,NA,NA,NA,NA,NA,NA,NA,NA,NA,NA,NA,NA
henrique,37694,3,283,mei,Provável,1.4,6.56,-1.42,1.45,Cruzeiro,NA,4,NA,NA,2,NA,NA,2,3,NA,NA,NA,NA,NA,NA,NA,NA,NA
joao-victor,104250,3,264,zag,Nulo,0,2,0,0,Corinthians,NA,NA,NA,NA,NA,NA,NA,NA,NA,NA,NA,NA,NA,NA,NA,NA,NA,NA
fred,38162,3,283,ata,Provável,2.8,7.26,0.1,1.87,Cruzeiro,1,4,1,4,5,NA,1,6,NA,NA,NA,NA,1,NA,NA,NA,NA,NA
mano-menezes,37281,3,283,tec,Provável,4.11,9.4,-0.02,3.81,Cruzeiro,NA,NA,NA,NA,NA,NA,NA,NA,NA,NA,NA,NA,NA,NA,NA,NA,NA,NA
pedro-rosa,79053,3,341,lat,Nulo,0,2,0,0,CSA,NA,NA,NA,NA,NA,NA,NA,NA,NA,NA,NA,NA,NA,NA,NA,NA,NA,NA
bruno-fuchs,104085,3,285,zag,Nulo,0,2,0,0,Internacional,NA,NA,NA,NA,NA,NA,NA,NA,NA,NA,NA,NA,NA,NA,NA,NA,NA,NA
celsinho,72494,3,341,lat,Nulo,0,4,0,0,CSA,NA,NA,NA,NA,NA,NA,NA,NA,NA,NA,NA,NA,NA,NA,NA,NA,NA,NA
thiaguinho,102599,3,264,mei,Nulo,0,3,0,0,Corinthians,NA,NA,NA,NA,NA,NA,NA,NA,NA,NA,NA,NA,NA,NA,NA,NA,NA,NA
naldo,78897,3,341,mei,Provável,3,2.82,0.74,1.4,CSA,NA,4,1,1,NA,NA,1,4,3,NA,NA,NA,NA,NA,NA,NA,NA,NA
rafinha,38421,3,283,mei,Nulo,0,6.73,0,2.7,Cruzeiro,NA,NA,NA,NA,NA,NA,NA,1,2,NA,NA,NA,NA,NA,NA,NA,NA,NA
roberto,104086,3,285,zag,Nulo,0,2.98,0,3.3,Internacional,NA,NA,NA,NA,3,NA,NA,4,2,NA,NA,NA,NA,NA,NA,NA,NA,NA
alexandre-cajuru,80276,3,341,gol,Contundido,0,3,0,0,CSA,NA,NA,NA,NA,NA,NA,NA,NA,NA,NA,NA,NA,NA,NA,NA,NA,NA,NA
everson,72294,3,277,gol,Nulo,0,8,0,0,Santos,NA,NA,NA,NA,NA,NA,NA,NA,NA,NA,NA,NA,NA,NA,NA,NA,NA,NA
leo,50459,3,283,zag,Provável,0.5,7.28,-1.11,3.25,Cruzeiro,NA,2,NA,NA,2,NA,NA,NA,1,NA,NA,1,NA,NA,NA,NA,NA,NA
egidio,42145,3,283,lat,Dúvida,7.8,9.17,0.17,7.8,Cruzeiro,NA,NA,1,1,1,NA,NA,4,1,NA,NA,NA,1,NA,NA,NA,NA,NA
pedro-lucas,104087,3,285,ata,Nulo,0,4,0,0,Internacional,NA,NA,NA,NA,NA,NA,NA,NA,NA,NA,NA,NA,NA,NA,NA,NA,NA,NA
lohan,82609,3,341,ata,Nulo,0,1,0,0,CSA,NA,NA,NA,NA,NA,NA,NA,NA,NA,NA,NA,NA,NA,NA,NA,NA,NA,NA
patrick-fabiano,80275,3,341,ata,Nulo,0,6.73,0,1.7,CSA,NA,2,NA,2,1,NA,NA,3,1,NA,NA,NA,NA,NA,NA,NA,NA,NA
edilson,38523,3,283,lat,Provável,0,7.6,0,4.5,Cruzeiro,1,3,NA,NA,3,NA,NA,5,3,NA,NA,1,NA,1,NA,NA,NA,NA
rafinha,83681,3,341,lat,Nulo,0,4,0,0,CSA,NA,NA,NA,NA,NA,NA,NA,NA,NA,NA,NA,NA,NA,NA,NA,NA,NA,NA
robinho,62104,3,283,mei,Provável,0.5,7.27,-1.06,2.35,Cruzeiro,NA,4,1,2,3,NA,NA,12,4,NA,NA,NA,NA,NA,NA,NA,NA,NA
victor-ferraz,70046,3,277,lat,Provável,11.5,9.63,3.02,5.03,Santos,NA,1,NA,1,4,NA,NA,9,7,NA,NA,1,NA,NA,NA,NA,NA,NA
dawhan,97780,3,341,mei,Provável,3.9,7.42,0.72,3.2,CSA,NA,1,NA,1,NA,NA,NA,4,7,NA,NA,NA,NA,NA,NA,NA,NA,NA
dodo,68727,3,283,lat,Dúvida,0,6.87,0,2.45,Cruzeiro,NA,4,NA,1,1,NA,NA,8,2,NA,NA,1,NA,NA,NA,NA,NA,NA
matheus-savio,91264,3,341,mei,Provável,3.3,8.58,-0.36,5.77,CSA,NA,2,1,1,5,1,1,4,3,NA,NA,NA,NA,1,NA,NA,NA,NA
rafael,68928,3,283,gol,Nulo,0,6,0,0,Cruzeiro,NA,NA,NA,NA,NA,NA,NA,NA,NA,NA,NA,NA,NA,NA,NA,NA,NA,NA
eduardo-sasha,70360,3,277,ata,Provável,0.9,16.89,-1.91,9.13,Santos,NA,5,1,3,2,2,NA,4,7,NA,NA,NA,NA,NA,NA,NA,NA,NA
bryan-ruiz,71019,3,277,mei,Nulo,0,4,0,0,Santos,NA,NA,NA,NA,NA,NA,NA,NA,NA,NA,NA,NA,NA,NA,NA,NA,NA,NA
bruno-ramires,89924,3,341,mei,Nulo,0.2,3.81,-0.37,1.3,CSA,1,4,NA,1,1,NA,NA,3,5,NA,NA,NA,NA,NA,NA,NA,NA,NA
jorge-sampaoli,70800,3,277,tec,Provável,4.68,10.31,0.33,4.55,Santos,NA,NA,NA,NA,NA,NA,NA,NA,NA,NA,NA,NA,NA,NA,NA,NA,NA,NA
alison,73974,3,277,mei,Nulo,0,5.55,0,3,Santos,1,3,NA,NA,1,NA,NA,NA,4,NA,NA,NA,NA,NA,NA,NA,NA,NA
gerson,104089,3,341,zag,Provável,6.2,4.32,1.82,2.2,CSA,NA,1,NA,NA,NA,NA,NA,3,2,NA,NA,1,NA,NA,NA,NA,NA,NA
derlis-gonzalez,75372,3,277,ata,Nulo,-1.3,0.73,0.04,-5.15,Santos,2,5,1,NA,NA,NA,NA,NA,NA,NA,NA,NA,NA,NA,NA,NA,NA,1
copete,77959,3,277,ata,Nulo,0,6,0,0,Santos,NA,NA,NA,NA,NA,NA,NA,NA,NA,NA,NA,NA,NA,NA,NA,NA,NA,NA
rony,101040,3,341,zag,Nulo,0,2,0,0,CSA,NA,NA,NA,NA,NA,NA,NA,NA,NA,NA,NA,NA,NA,NA,NA,NA,NA,NA
carlos-sanchez,81677,3,277,mei,Provável,0,12.42,0,4.6,Santos,NA,2,NA,1,1,1,NA,7,2,NA,NA,NA,NA,NA,NA,NA,NA,NA
abel-braga,40006,3,262,tec,Provável,1.79,9.85,-0.63,3.34,Flamengo,NA,NA,NA,NA,NA,NA,NA,NA,NA,NA,NA,NA,NA,NA,NA,NA,NA,NA
matheus-ribeiro,82943,3,277,lat,Nulo,0,3,0,0,Santos,NA,NA,NA,NA,NA,NA,NA,NA,NA,NA,NA,NA,NA,NA,NA,NA,NA,NA
robinho,99574,3,341,ata,Nulo,0,3.19,0,0.6,CSA,NA,NA,NA,NA,NA,NA,NA,3,1,NA,NA,NA,NA,NA,NA,NA,NA,NA
luiz-felipe,79035,3,277,zag,Nulo,0,7,0,0,Santos,NA,NA,NA,NA,NA,NA,NA,NA,NA,NA,NA,NA,NA,NA,NA,NA,NA,NA
cueva,82411,3,277,mei,Nulo,0,7.23,-1.16,0.5,Santos,NA,2,NA,NA,1,NA,NA,5,2,NA,NA,NA,NA,NA,NA,NA,NA,NA
soteldo,87258,3,277,mei,Nulo,-1.8,3.52,-1.2,-0.03,Santos,2,4,3,2,3,NA,1,6,1,NA,NA,NA,NA,NA,NA,NA,NA,NA
joao-paulo,85425,3,277,gol,Nulo,0,2,0,0,Santos,NA,NA,NA,NA,NA,NA,NA,NA,NA,NA,NA,NA,NA,NA,NA,NA,NA,NA
joelson,101512,3,341,mei,Nulo,0,1,0,0,CSA,NA,NA,NA,NA,NA,NA,NA,NA,NA,NA,NA,NA,NA,NA,NA,NA,NA,NA
gustavo-henrique,78248,3,277,zag,Provável,5.2,5.12,1.09,2.1,Santos,1,3,2,NA,NA,NA,NA,2,2,NA,NA,1,NA,NA,NA,NA,NA,NA
jorge,88065,3,277,lat,Provável,5.6,10.4,0.39,6,Santos,1,3,5,2,5,NA,1,2,1,NA,NA,1,NA,NA,NA,NA,NA,NA
lucas-verissimo,93368,3,277,zag,Provável,2,6.77,-0.12,2.6,Santos,1,6,NA,NA,1,NA,1,9,7,NA,NA,1,NA,NA,NA,NA,NA,NA
bruno-alves,73620,3,276,zag,Provável,-0.8,5.02,-0.98,0.93,São Paulo,NA,10,NA,1,1,NA,NA,5,2,NA,NA,1,NA,NA,NA,NA,NA,NA
maicon,38196,3,284,mei,Provável,-0.3,9.68,-1.98,3.25,Grêmio,1,1,NA,1,1,NA,NA,6,3,NA,NA,NA,1,NA,NA,NA,NA,NA
aguilar,95494,3,277,zag,Provável,4,4.45,0.85,1.73,Santos,NA,5,NA,NA,NA,NA,NA,1,2,NA,NA,1,NA,NA,NA,NA,NA,NA
victor-paraiba,102457,3,341,ata,Nulo,2,1.4,0.4,2,CSA,NA,NA,1,1,NA,NA,NA,NA,NA,NA,NA,NA,NA,NA,NA,NA,NA,NA
diego-pituca,94156,3,277,mei,Provável,0.6,1.2,-0.06,-0.9,Santos,2,7,NA,NA,6,NA,NA,14,2,NA,NA,NA,NA,1,NA,NA,NA,NA
arthur-gomes,96966,3,315,ata,Nulo,0,4,0,0,Chapecoense,NA,NA,NA,NA,NA,NA,NA,NA,NA,NA,NA,NA,NA,NA,NA,NA,NA,NA
vital,102452,3,341,zag,Nulo,0,1,0,0,CSA,NA,NA,NA,NA,NA,NA,NA,NA,NA,NA,NA,NA,NA,NA,NA,NA,NA,NA
orinho,95542,3,277,lat,Nulo,0,3,0,0,Santos,NA,NA,NA,NA,NA,NA,NA,NA,NA,NA,NA,NA,NA,NA,NA,NA,NA,NA
alan-cardoso,93785,3,277,lat,Nulo,0,3,0,0,Santos,NA,NA,NA,NA,NA,NA,NA,NA,NA,NA,NA,NA,NA,NA,NA,NA,NA,NA
yuri-lima,90569,3,277,mei,Nulo,0,3,0,0,Santos,NA,NA,NA,NA,NA,NA,NA,NA,NA,NA,NA,NA,NA,NA,NA,NA,NA,NA
igo,104991,3,341,gol,Nulo,0,1,0,0,CSA,NA,NA,NA,NA,NA,NA,NA,NA,NA,NA,NA,NA,NA,NA,NA,NA,NA,NA
diego,38909,3,262,mei,Nulo,-1.1,5.52,-1.41,0.17,Flamengo,2,4,2,NA,4,NA,NA,3,2,NA,NA,NA,NA,NA,NA,NA,NA,NA
jean-lucas,98517,3,277,mei,Nulo,3.8,11.43,0.04,6.03,Santos,NA,3,2,1,6,NA,NA,7,5,NA,NA,NA,1,1,NA,NA,NA,NA
marquinhos-gabriel,68954,3,283,mei,Contundido,0,4.46,0,0.6,Cruzeiro,NA,1,NA,NA,1,NA,NA,1,1,NA,NA,NA,NA,NA,NA,NA,NA,NA
lucas-silva,79701,3,283,mei,Provável,5.6,5,1.38,1.7,Cruzeiro,NA,1,2,NA,1,NA,NA,1,2,NA,NA,NA,NA,NA,NA,NA,NA,NA
rodrygo,100651,3,277,ata,Provável,9.1,12.04,1.46,8.4,Santos,1,3,5,3,5,NA,1,2,7,NA,NA,NA,NA,NA,NA,NA,NA,NA
sassa,79578,3,283,ata,Nulo,0,8,0,0,Cruzeiro,NA,NA,NA,NA,NA,NA,NA,NA,NA,NA,NA,NA,NA,NA,NA,NA,NA,NA
felippe-cardoso,100963,3,277,ata,Nulo,0,3,0,0,Santos,NA,NA,NA,NA,NA,NA,NA,NA,NA,NA,NA,NA,NA,NA,NA,NA,NA,NA
yuri-alberto,100652,3,277,ata,Nulo,0,2,0,0,Santos,NA,NA,NA,NA,NA,NA,NA,NA,NA,NA,NA,NA,NA,NA,NA,NA,NA,NA
matheus-ferraz,38632,3,266,zag,Provável,13.9,6.62,4.36,4.3,Fluminense,1,3,2,2,1,1,NA,2,3,NA,NA,NA,NA,NA,NA,NA,NA,NA
ariel-cabral,80363,3,283,mei,Nulo,0,3.23,0,-0.9,Cruzeiro,NA,NA,NA,NA,NA,NA,NA,3,NA,NA,NA,NA,NA,NA,NA,NA,NA,NA
bruninho,105111,3,277,ata,Nulo,0,2,0,0,Santos,NA,NA,NA,NA,NA,NA,NA,NA,NA,NA,NA,NA,NA,NA,NA,NA,NA,NA
airton,61985,3,266,mei,Provável,1.5,4.49,-0.09,0.77,Fluminense,1,1,NA,NA,3,NA,NA,4,3,NA,NA,NA,NA,NA,NA,NA,NA,NA
jadson,80129,3,283,mei,Nulo,0,3.75,-0.59,0,Cruzeiro,NA,NA,NA,NA,NA,NA,NA,NA,NA,NA,NA,NA,NA,NA,NA,NA,NA,NA
rhodolfo,42501,3,262,zag,Nulo,0,4.63,0,-1,Flamengo,NA,2,NA,NA,NA,NA,NA,NA,NA,NA,NA,NA,NA,NA,NA,NA,NA,NA
everton-ribeiro,51772,3,262,mei,Provável,0,13.93,0,4.5,Flamengo,NA,1,NA,NA,3,NA,NA,5,3,NA,NA,NA,1,NA,NA,NA,NA,NA
para,62086,3,262,lat,Provável,0,5.21,0,1.7,Flamengo,1,3,NA,NA,NA,NA,NA,2,5,NA,NA,NA,NA,NA,NA,NA,NA,NA
rodrigo-caio,73800,3,262,zag,Provável,0,7.91,0,1.4,Flamengo,NA,NA,NA,NA,1,NA,NA,2,1,NA,NA,NA,NA,NA,NA,NA,NA,NA
digao,68886,3,266,zag,Contundido,0,7,0,0,Fluminense,NA,NA,NA,NA,NA,NA,NA,NA,NA,NA,NA,NA,NA,NA,NA,NA,NA,NA
rodinei,73992,3,262,lat,Nulo,-2,2.95,-2.05,-2,Flamengo,1,1,NA,NA,1,NA,NA,NA,NA,NA,NA,NA,NA,NA,NA,NA,NA,NA
fernando-diniz,72391,3,266,tec,Provável,6.19,5.91,1.41,2.9,Fluminense,NA,NA,NA,NA,NA,NA,NA,NA,NA,NA,NA,NA,NA,NA,NA,NA,NA,NA
bruno-silva,68698,3,266,mei,Provável,7.9,9.58,1.59,5.33,Fluminense,NA,4,1,2,7,NA,NA,6,9,NA,NA,NA,NA,NA,NA,NA,NA,NA
gabriel-calabres,101911,3,277,mei,Nulo,0,2,0,0,Santos,NA,NA,NA,NA,NA,NA,NA,NA,NA,NA,NA,NA,NA,NA,NA,NA,NA,NA
felipe-jonatan,101708,3,277,lat,Nulo,0,9.99,0,9.4,Santos,NA,NA,1,1,NA,1,NA,2,NA,NA,NA,NA,NA,NA,NA,NA,NA,NA
cesar,78086,3,262,gol,Provável,7.5,5.44,1.84,3.5,Flamengo,NA,NA,NA,NA,1,NA,NA,NA,NA,6,4,NA,NA,NA,NA,NA,NA,NA
lucas-lourenco,101580,3,277,mei,Nulo,0,2,0,0,Santos,NA,NA,NA,NA,NA,NA,NA,NA,NA,NA,NA,NA,NA,NA,NA,NA,NA,NA
guilherme-nunes,101912,3,277,mei,Nulo,0,2,0,0,Santos,NA,NA,NA,NA,NA,NA,NA,NA,NA,NA,NA,NA,NA,NA,NA,NA,NA,NA
uribe,78415,3,262,ata,Nulo,0,7,0,0,Flamengo,NA,NA,NA,NA,NA,NA,NA,NA,NA,NA,NA,NA,NA,NA,NA,NA,NA,NA
kaique-rocha,103684,3,277,zag,Nulo,0,2,0,0,Santos,NA,NA,NA,NA,NA,NA,NA,NA,NA,NA,NA,NA,NA,NA,NA,NA,NA,NA
paulo-ricardo,88224,3,266,zag,Contundido,0,3,0,0,Fluminense,NA,NA,NA,NA,NA,NA,NA,NA,NA,NA,NA,NA,NA,NA,NA,NA,NA,NA
luciano,80287,3,266,ata,Provável,16.1,7.24,4.77,4.87,Fluminense,1,5,3,3,6,1,2,8,3,NA,NA,NA,1,NA,NA,NA,1,NA
igor-juliao,81951,3,266,lat,Nulo,3.5,3.36,0.36,3.5,Fluminense,NA,NA,NA,NA,1,NA,NA,NA,2,NA,NA,NA,NA,NA,NA,NA,NA,NA
dodi,89883,3,266,mei,Nulo,0,3,0,0,Fluminense,NA,NA,NA,NA,NA,NA,NA,NA,NA,NA,NA,NA,NA,NA,NA,NA,NA,NA
anderson-ceara,103724,3,277,mei,Nulo,0,1,0,0,Santos,NA,NA,NA,NA,NA,NA,NA,NA,NA,NA,NA,NA,NA,NA,NA,NA,NA,NA
pablo-dyego,86444,3,266,ata,Nulo,0,2.17,0,0,Fluminense,NA,1,NA,NA,1,NA,NA,NA,NA,NA,NA,NA,NA,NA,NA,NA,NA,NA
willian-arao,78478,3,262,mei,Provável,0,14.14,0,8,Flamengo,NA,1,NA,NA,1,NA,NA,5,5,NA,NA,NA,2,NA,NA,NA,NA,NA
vitinho,78435,3,262,ata,Nulo,0,9,0,0,Flamengo,NA,NA,NA,NA,NA,NA,NA,NA,NA,NA,NA,NA,NA,NA,NA,NA,NA,NA
tailson,104578,3,277,ata,Nulo,0,1,0,0,Santos,NA,NA,NA,NA,NA,NA,NA,NA,NA,NA,NA,NA,NA,NA,NA,NA,NA,NA
kaio-jorge,103445,3,277,ata,Nulo,0,1,0,0,Santos,NA,NA,NA,NA,NA,NA,NA,NA,NA,NA,NA,NA,NA,NA,NA,NA,NA,NA
wagner-leonardo,104994,3,277,zag,Nulo,0,1,0,0,Santos,NA,NA,NA,NA,NA,NA,NA,NA,NA,NA,NA,NA,NA,NA,NA,NA,NA,NA
sandry,104580,3,277,mei,Nulo,0,1,0,0,Santos,NA,NA,NA,NA,NA,NA,NA,NA,NA,NA,NA,NA,NA,NA,NA,NA,NA,NA
marlon,91706,3,266,lat,Nulo,0,4,0,0,Fluminense,NA,NA,NA,NA,NA,NA,NA,NA,NA,NA,NA,NA,NA,NA,NA,NA,NA,NA
luiz-fernando,90366,3,266,mei,Nulo,0,2,0,0,Fluminense,NA,NA,NA,NA,NA,NA,NA,NA,NA,NA,NA,NA,NA,NA,NA,NA,NA,NA
jackson-porozo,105112,3,277,zag,Nulo,0,1,0,0,Santos,NA,NA,NA,NA,NA,NA,NA,NA,NA,NA,NA,NA,NA,NA,NA,NA,NA,NA
hudson,50324,3,276,mei,Provável,1.4,11.33,-0.97,5.1,São Paulo,NA,5,1,NA,4,1,NA,3,5,NA,NA,NA,NA,NA,NA,NA,NA,NA
nene,38913,3,276,mei,Nulo,0,8,0,0,São Paulo,NA,NA,NA,NA,NA,NA,NA,NA,NA,NA,NA,NA,NA,NA,NA,NA,NA,NA
nino,91708,3,266,zag,Provável,-0.6,0.73,0.01,-0.57,Fluminense,1,1,NA,NA,1,NA,NA,4,1,NA,NA,NA,NA,NA,NA,NA,NA,NA
daniel,93791,3,266,mei,Dúvida,0.9,3.93,-1.07,0.9,Fluminense,NA,2,1,NA,2,NA,NA,1,NA,NA,NA,NA,NA,NA,NA,NA,NA,NA
anderson-martins,52618,3,276,zag,Provável,-2.5,2.48,-1.28,-2.75,São Paulo,2,3,NA,NA,NA,NA,NA,NA,NA,NA,NA,NA,NA,NA,NA,NA,NA,NA
jucilei,63422,3,276,mei,Nulo,0,8,0,0,São Paulo,NA,NA,NA,NA,NA,NA,NA,NA,NA,NA,NA,NA,NA,NA,NA,NA,NA,NA
willian-farias,63058,3,276,mei,Nulo,0,3,0,0,São Paulo,NA,NA,NA,NA,NA,NA,NA,NA,NA,NA,NA,NA,NA,NA,NA,NA,NA,NA
marcos-calazans,97452,3,266,ata,Nulo,0,3,0,0,Fluminense,NA,NA,NA,NA,NA,NA,NA,NA,NA,NA,NA,NA,NA,NA,NA,NA,NA,NA
pedro,94583,3,266,ata,Dúvida,9,11.75,1.48,6.07,Fluminense,NA,2,1,NA,1,2,NA,NA,1,NA,NA,NA,NA,NA,NA,NA,NA,NA
joao-rojas,70784,3,276,ata,Contundido,0,7,0,0,São Paulo,NA,NA,NA,NA,NA,NA,NA,NA,NA,NA,NA,NA,NA,NA,NA,NA,NA,NA
tiago-volpi,72018,3,276,gol,Provável,1,6.22,-0.28,1.03,São Paulo,NA,NA,NA,NA,NA,NA,NA,3,NA,1,2,1,NA,NA,NA,NA,NA,NA
bruno-peres,73962,3,276,lat,Nulo,0,5,0,0,São Paulo,NA,NA,NA,NA,NA,NA,NA,NA,NA,NA,NA,NA,NA,NA,NA,NA,NA,NA
yony-gonzalez,97080,3,266,ata,Provável,18.8,13.59,5.32,8.3,Fluminense,NA,2,NA,4,5,2,NA,1,3,NA,NA,NA,NA,NA,NA,NA,NA,NA
berrio,85300,3,262,ata,Nulo,9.5,7.57,1.57,9.5,Flamengo,NA,1,NA,1,NA,1,NA,1,1,NA,NA,NA,NA,NA,NA,NA,NA,NA
arrascaeta,87863,3,262,mei,Provável,0,13.75,0,6.55,Flamengo,NA,1,NA,1,6,1,NA,4,2,NA,NA,NA,NA,NA,NA,NA,NA,NA
leo-santos,95820,3,266,zag,Contundido,0,6,0,0,Fluminense,NA,NA,NA,NA,NA,NA,NA,NA,NA,NA,NA,NA,NA,NA,NA,NA,NA,NA
allan,96652,3,266,mei,Provável,2.7,2.72,0.75,0.57,Fluminense,1,6,2,2,3,NA,NA,16,4,NA,NA,NA,NA,NA,NA,NA,NA,NA
biro-biro,80949,3,276,ata,Nulo,0,3,0,0,São Paulo,NA,NA,NA,NA,NA,NA,NA,NA,NA,NA,NA,NA,NA,NA,NA,NA,NA,NA
frazan,97528,3,266,zag,Contundido,0,3,0,0,Fluminense,NA,NA,NA,NA,NA,NA,NA,NA,NA,NA,NA,NA,NA,NA,NA,NA,NA,NA
caio-henrique,98569,3,266,mei,Provável,1.2,4.37,-0.23,1.1,Fluminense,NA,3,NA,1,2,NA,NA,5,3,NA,NA,NA,NA,NA,NA,NA,NA,NA
thiago,91194,3,262,gol,Nulo,0,3,0,0,Flamengo,NA,NA,NA,NA,NA,NA,NA,NA,NA,NA,NA,NA,NA,NA,NA,NA,NA,NA
caio,101601,3,266,mei,Nulo,0,2,0,0,Fluminense,NA,NA,NA,NA,NA,NA,NA,NA,NA,NA,NA,NA,NA,NA,NA,NA,NA,NA
jean,90933,3,276,gol,Nulo,0,5,0,0,São Paulo,NA,NA,NA,NA,NA,NA,NA,NA,NA,NA,NA,NA,NA,NA,NA,NA,NA,NA
ronaldo,92981,3,262,mei,Nulo,1.7,3.48,-0.52,1.7,Flamengo,1,5,NA,NA,1,NA,NA,1,4,NA,NA,NA,NA,NA,NA,NA,NA,NA
ze-ricardo,102911,3,266,mei,Nulo,0,1,0,0,Fluminense,NA,NA,NA,NA,NA,NA,NA,NA,NA,NA,NA,NA,NA,NA,NA,NA,NA,NA
mascarenhas,99721,3,266,lat,Contundido,0,3,0,0,Fluminense,NA,NA,NA,NA,NA,NA,NA,NA,NA,NA,NA,NA,NA,NA,NA,NA,NA,NA
leo-duarte,94214,3,262,zag,Provável,0,2.56,0,-0.65,Flamengo,1,5,NA,NA,1,NA,NA,1,2,NA,NA,NA,NA,NA,NA,NA,NA,NA
mateus-goncalves,103076,3,354,ata,Nulo,-0.9,2.6,-1.4,-0.9,Ceará,NA,NA,NA,NA,NA,NA,NA,3,NA,NA,NA,NA,NA,NA,NA,NA,NA,NA
leo,85626,3,276,lat,Nulo,0,5,0,0,São Paulo,NA,NA,NA,NA,NA,NA,NA,NA,NA,NA,NA,NA,NA,NA,NA,NA,NA,NA
trauco,95738,3,262,lat,Nulo,-1,3.29,-1.71,-1,Flamengo,1,1,NA,NA,NA,NA,NA,NA,1,NA,NA,NA,NA,NA,NA,NA,NA,NA
piris-da-motta,95802,3,262,mei,Nulo,0.5,3.8,-1.2,0.5,Flamengo,NA,NA,NA,NA,1,NA,NA,NA,NA,NA,NA,NA,NA,NA,NA,NA,NA,NA
joao-pedro,104026,3,266,ata,Nulo,0,1.39,0,0,Fluminense,NA,NA,NA,NA,NA,NA,NA,NA,NA,NA,NA,NA,NA,NA,NA,NA,NA,NA
marcos-paulo,103645,3,266,ata,Nulo,0,2,0,0,Fluminense,NA,NA,NA,NA,NA,NA,NA,NA,NA,NA,NA,NA,NA,NA,NA,NA,NA,NA
arboleda,91573,3,276,zag,Contundido,0,8.5,0,2.45,São Paulo,NA,2,NA,NA,NA,NA,NA,2,1,NA,NA,1,NA,NA,NA,NA,NA,NA
rafael,97902,3,262,zag,Nulo,-1.2,0.73,-0.27,-1.2,Flamengo,1,1,NA,1,1,NA,NA,NA,NA,NA,NA,NA,NA,NA,NA,NA,NA,NA
wellington-paulista,38279,3,356,ata,Provável,1.6,10.63,-0.97,4.93,Fortaleza,NA,9,1,3,4,1,NA,1,2,NA,NA,NA,NA,1,NA,NA,NA,NA
everton-felipe,86519,3,276,mei,Nulo,0,3,0,0,São Paulo,NA,NA,NA,NA,NA,NA,NA,NA,NA,NA,NA,NA,NA,NA,NA,NA,NA,NA
marcelo-boeck,37788,3,356,gol,Nulo,0,5,0,0,Fortaleza,NA,NA,NA,NA,NA,NA,NA,NA,NA,NA,NA,NA,NA,NA,NA,NA,NA,NA
osvaldo,42222,3,356,ata,Provável,1.1,4.79,-0.51,1.93,Fortaleza,1,3,2,NA,2,NA,NA,7,2,NA,NA,NA,1,NA,NA,NA,NA,NA
roger-carvalho,51415,3,356,zag,Nulo,0,5.25,0,2.05,Fortaleza,NA,NA,NA,NA,1,NA,NA,3,3,NA,NA,NA,NA,NA,NA,NA,NA,NA
derley,60791,3,356,mei,Nulo,0,5,0,0,Fortaleza,NA,NA,NA,NA,NA,NA,NA,NA,NA,NA,NA,NA,NA,NA,NA,NA,NA,NA
carlinhos,63194,3,356,lat,Provável,4.9,5.06,0.89,2.63,Fortaleza,1,4,NA,3,4,NA,NA,5,6,NA,NA,NA,NA,NA,NA,NA,NA,NA
ederson,73446,3,356,ata,Contundido,0,6,0,0,Fortaleza,NA,NA,NA,NA,NA,NA,NA,NA,NA,NA,NA,NA,NA,NA,NA,NA,NA,NA
lucas-silva,98515,3,262,ata,Nulo,2.2,2,0.55,1.1,Flamengo,NA,NA,NA,NA,2,NA,NA,1,1,NA,NA,NA,NA,NA,NA,NA,NA,NA
paulo-roberto,69047,3,356,mei,Nulo,0,5.19,0,2.1,Fortaleza,NA,4,NA,1,6,NA,NA,2,2,NA,NA,NA,NA,NA,NA,NA,NA,NA
edinho,80193,3,356,mei,Nulo,2.1,8.51,-0.66,4.77,Fortaleza,1,1,3,3,5,1,NA,4,1,NA,NA,NA,NA,NA,NA,NA,NA,NA
felipe-alves,72372,3,356,gol,Provável,7,9.05,1.7,4.9,Fortaleza,NA,NA,NA,NA,NA,NA,NA,1,NA,9,6,NA,NA,NA,NA,NA,NA,NA
igor-vinicius,95466,3,276,lat,Provável,0,7.65,0,3.2,São Paulo,NA,5,NA,2,1,NA,NA,4,2,NA,NA,1,1,NA,NA,NA,NA,1
romero,79109,3,356,mei,Nulo,0,4,0,0,Fortaleza,NA,NA,NA,NA,NA,NA,NA,NA,NA,NA,NA,NA,NA,NA,NA,NA,NA,NA
tinga,82628,3,356,lat,Provável,1.9,0.73,0.04,-0.2,Fortaleza,NA,3,NA,NA,1,NA,NA,8,2,NA,NA,NA,NA,NA,NA,NA,NA,NA
gabriel-batista,98333,3,262,gol,Nulo,0,4,0,0,Flamengo,NA,NA,NA,NA,NA,NA,NA,NA,NA,NA,NA,NA,NA,NA,NA,NA,NA,NA
everton,50301,3,276,mei,Dúvida,1.6,9.07,-0.55,2.37,São Paulo,NA,5,2,NA,3,1,1,6,NA,NA,NA,NA,NA,NA,NA,NA,NA,NA
brenner,99789,3,276,ata,Nulo,0,2.17,0,0,São Paulo,NA,NA,NA,NA,NA,NA,NA,NA,NA,NA,NA,NA,NA,NA,NA,NA,NA,NA
igor-gomes,100084,3,276,mei,Nulo,0,1.46,0,1.1,São Paulo,NA,1,NA,NA,2,NA,NA,3,1,NA,NA,NA,NA,NA,NA,NA,NA,NA
jonatan-gomez,94857,3,276,mei,Nulo,0,3,0,0,São Paulo,NA,NA,NA,NA,NA,NA,NA,NA,NA,NA,NA,NA,NA,NA,NA,NA,NA,NA
gonzalo-carneiro,101796,3,276,ata,Suspenso,0,5,0,0,São Paulo,NA,NA,NA,NA,NA,NA,NA,NA,NA,NA,NA,NA,NA,NA,NA,NA,NA,NA
liziero,100761,3,276,mei,Provável,4.5,5.15,0.15,4.5,São Paulo,NA,2,1,1,1,NA,NA,NA,2,NA,NA,NA,NA,NA,NA,NA,NA,NA
lucas-kal,95662,3,276,zag,Nulo,0,1,0,0,São Paulo,NA,NA,NA,NA,NA,NA,NA,NA,NA,NA,NA,NA,NA,NA,NA,NA,NA,NA
diego-tavares,83869,3,356,lat,Contundido,0,3,0,0,Fortaleza,NA,NA,NA,NA,NA,NA,NA,NA,NA,NA,NA,NA,NA,NA,NA,NA,NA,NA
lucas-paes,101837,3,276,gol,Nulo,0,2,0,0,São Paulo,NA,NA,NA,NA,NA,NA,NA,NA,NA,NA,NA,NA,NA,NA,NA,NA,NA,NA
toro,101885,3,276,ata,Provável,1,5.69,-0.75,4.23,São Paulo,NA,3,NA,2,5,1,NA,3,2,NA,NA,NA,NA,NA,NA,NA,NA,NA
dodo,84927,3,356,mei,Nulo,0,3.63,-1.37,0,Fortaleza,NA,NA,NA,NA,NA,NA,NA,NA,NA,NA,NA,NA,NA,NA,NA,NA,NA,NA
romarinho,84523,3,356,ata,Provável,4.5,3.7,0.7,4.5,Fortaleza,NA,1,NA,NA,1,NA,NA,NA,3,NA,NA,NA,NA,NA,NA,NA,NA,NA
bruno-melo,84339,3,356,lat,Nulo,0,4,0,0,Fortaleza,NA,NA,NA,NA,NA,NA,NA,NA,NA,NA,NA,NA,NA,NA,NA,NA,NA,NA
luan,102909,3,276,mei,Contundido,0,5,0,0,São Paulo,NA,NA,NA,NA,NA,NA,NA,NA,NA,NA,NA,NA,NA,NA,NA,NA,NA,NA
helinho,102598,3,276,ata,Nulo,-0.5,4.18,-1.82,-0.5,São Paulo,NA,2,NA,NA,1,NA,NA,NA,NA,NA,NA,NA,NA,NA,NA,NA,NA,NA
max-walef,84338,3,356,gol,Nulo,0,1,0,0,Fortaleza,NA,NA,NA,NA,NA,NA,NA,NA,NA,NA,NA,NA,NA,NA,NA,NA,NA,NA
antony,103455,3,276,ata,Provável,3.3,12.53,-0.59,6.97,São Paulo,NA,NA,1,2,9,NA,NA,8,2,NA,NA,NA,2,1,NA,NA,NA,NA
gabriel-dias,88368,3,356,mei,Nulo,0,2.71,0,0.6,Fortaleza,1,4,NA,NA,2,NA,NA,1,3,NA,NA,NA,NA,NA,NA,NA,NA,NA
rodrigo-freitas,103261,3,276,zag,Nulo,0,2,0,0,São Paulo,NA,NA,NA,NA,NA,NA,NA,NA,NA,NA,NA,NA,NA,NA,NA,NA,NA,NA
lincoln,100065,3,262,ata,Nulo,0.1,2.09,-0.3,0.3,Flamengo,1,1,NA,1,5,NA,1,4,1,NA,NA,NA,NA,NA,NA,NA,NA,NA
breno,50408,3,267,zag,Contundido,0,6,0,0,Vasco,NA,NA,NA,NA,NA,NA,NA,NA,NA,NA,NA,NA,NA,NA,NA,NA,NA,NA
walce,104074,3,276,zag,Nulo,0,1.45,-0.55,0,São Paulo,NA,NA,NA,NA,NA,NA,NA,NA,NA,NA,NA,NA,NA,NA,NA,NA,NA,NA
kleber,100126,3,262,lat,Nulo,0,2,0,0,Flamengo,NA,NA,NA,NA,NA,NA,NA,NA,NA,NA,NA,NA,NA,NA,NA,NA,NA,NA
vitor-gabriel,101596,3,262,ata,Nulo,0,2,0,0,Flamengo,NA,NA,NA,NA,NA,NA,NA,NA,NA,NA,NA,NA,NA,NA,NA,NA,NA,NA
marcinho,95332,3,290,mei,Nulo,0,3.05,0,-0.6,Goiás,NA,NA,NA,NA,NA,NA,NA,2,NA,NA,NA,NA,NA,NA,NA,NA,NA,NA
hugo-moura,101594,3,262,mei,Nulo,6.6,4.41,1.41,6.6,Flamengo,NA,1,NA,NA,NA,NA,NA,3,2,NA,NA,NA,1,NA,NA,NA,NA,NA
giovanni-augusto,68938,3,290,mei,Suspenso,-2.3,3.31,-1.49,0.5,Goiás,NA,4,1,NA,5,NA,NA,14,6,NA,NA,NA,NA,NA,NA,NA,NA,1
matheus-dantas,101592,3,262,zag,Nulo,-0.6,1.25,-0.75,-0.6,Flamengo,NA,NA,NA,NA,1,NA,1,2,NA,NA,NA,NA,NA,NA,NA,NA,NA,NA
thuler,100125,3,262,zag,Nulo,-2,2.23,-1.77,-2,Flamengo,1,NA,NA,NA,NA,NA,NA,NA,NA,NA,NA,NA,NA,NA,NA,NA,NA,NA
bruno-cesar,52558,3,267,mei,Nulo,0.5,8.92,-1.14,4,Vasco,NA,1,NA,NA,1,1,NA,NA,NA,NA,NA,NA,NA,NA,NA,NA,NA,NA
maxi-lopez,68800,3,267,ata,Provável,5.6,6.9,0.81,3.9,Vasco,NA,9,NA,NA,2,2,1,6,1,NA,NA,NA,NA,NA,NA,NA,NA,NA
junior,103662,3,276,gol,Nulo,0,1,0,0,São Paulo,NA,NA,NA,NA,NA,NA,NA,NA,NA,NA,NA,NA,NA,NA,NA,NA,NA,NA
ramon,68896,3,267,lat,Contundido,0,5,0,0,Vasco,NA,NA,NA,NA,NA,NA,NA,NA,NA,NA,NA,NA,NA,NA,NA,NA,NA,NA
reinier,105068,3,262,mei,Nulo,0,3,0,0,Flamengo,NA,NA,NA,NA,NA,NA,NA,NA,NA,NA,NA,NA,NA,NA,NA,NA,NA,NA
fellipe-bastos,70116,3,267,mei,Nulo,0,4.47,0,5.3,Vasco,NA,1,NA,2,NA,NA,NA,1,3,NA,NA,NA,NA,NA,NA,NA,NA,NA
fernando-miguel,71571,3,267,gol,Nulo,0,8,0,0,Vasco,NA,NA,NA,NA,NA,NA,NA,NA,NA,NA,NA,NA,NA,NA,NA,NA,NA,NA
vinicius,105199,3,262,mei,Nulo,0,2,0,0,Flamengo,NA,NA,NA,NA,NA,NA,NA,NA,NA,NA,NA,NA,NA,NA,NA,NA,NA,NA
sidao,70222,3,267,gol,Provável,-2.3,3.58,-2.42,-2.3,Vasco,NA,NA,NA,NA,NA,NA,NA,1,NA,NA,1,NA,NA,NA,NA,NA,NA,NA
marcos-felipe,85004,3,266,gol,Nulo,0,2,0,0,Fluminense,NA,NA,NA,NA,NA,NA,NA,NA,NA,NA,NA,NA,NA,NA,NA,NA,NA,NA
bill,105272,3,262,ata,Nulo,0,1,0,0,Flamengo,NA,NA,NA,NA,NA,NA,NA,NA,NA,NA,NA,NA,NA,NA,NA,NA,NA,NA
marlon,88427,3,356,mei,Nulo,0,4.49,0,2,Fortaleza,NA,NA,NA,NA,1,NA,NA,NA,1,NA,NA,NA,NA,NA,NA,NA,NA,NA
raul-caceres,71680,3,267,lat,Nulo,0,3.12,0,-1.5,Vasco,NA,3,NA,NA,NA,NA,NA,NA,NA,NA,NA,NA,NA,NA,NA,NA,NA,NA
agenor,71724,3,266,gol,Nulo,0,3,0,0,Fluminense,NA,NA,NA,NA,NA,NA,NA,NA,NA,NA,NA,NA,NA,NA,NA,NA,NA,NA
felipe,91733,3,356,mei,Nulo,0,6.52,0,5.4,Fortaleza,NA,2,1,NA,2,NA,NA,1,3,NA,NA,NA,NA,NA,NA,NA,NA,NA
rodolfo,63082,3,266,gol,Provável,-5.6,2.91,-2.99,0.13,Fluminense,NA,NA,NA,NA,NA,NA,NA,2,NA,5,7,NA,NA,NA,NA,NA,NA,NA
fabio-sanches,71604,3,290,zag,Nulo,0,3,0,0,Goiás,NA,NA,NA,NA,NA,NA,NA,NA,NA,NA,NA,NA,NA,NA,NA,NA,NA,NA
araruna,95660,3,356,mei,Provável,2.5,4.11,0.32,1.45,Fortaleza,1,1,NA,NA,NA,NA,NA,2,4,NA,NA,NA,NA,NA,NA,NA,NA,NA
diego-ferreira,91783,3,356,lat,Nulo,0,4,0,0,Fortaleza,NA,NA,NA,NA,NA,NA,NA,NA,NA,NA,NA,NA,NA,NA,NA,NA,NA,NA
ezequiel,80318,3,265,lat,Nulo,0,4,0,0,Bahia,NA,NA,NA,NA,NA,NA,NA,NA,NA,NA,NA,NA,NA,NA,NA,NA,NA,NA
patrick,91914,3,356,zag,Nulo,0,4,0,0,Fortaleza,NA,NA,NA,NA,NA,NA,NA,NA,NA,NA,NA,NA,NA,NA,NA,NA,NA,NA
geovane,71667,3,290,mei,Provável,1.4,3.72,0.13,1.6,Goiás,NA,7,NA,1,NA,NA,NA,15,8,NA,NA,NA,NA,NA,NA,NA,NA,NA
quintero,96382,3,356,zag,Provável,1.1,2.22,0.08,0.17,Fortaleza,NA,1,NA,NA,2,NA,NA,5,1,NA,NA,NA,NA,NA,NA,NA,NA,NA
yago,77500,3,290,zag,Provável,0,2.23,-0.26,0.07,Goiás,1,2,NA,NA,NA,NA,NA,6,NA,NA,NA,1,NA,NA,NA,NA,NA,NA
matheus-alessandro,97527,3,356,ata,Nulo,0,3,0,0,Fortaleza,NA,NA,NA,NA,NA,NA,NA,NA,NA,NA,NA,NA,NA,NA,NA,NA,NA,NA
gilberto,73789,3,290,mei,Nulo,0,3,0,0,Goiás,NA,NA,NA,NA,NA,NA,NA,NA,NA,NA,NA,NA,NA,NA,NA,NA,NA,NA
gustavo-coutinho,104362,3,356,ata,Nulo,0,1,0,0,Fortaleza,NA,NA,NA,NA,NA,NA,NA,NA,NA,NA,NA,NA,NA,NA,NA,NA,NA,NA
junior-santos,101002,3,356,ata,Provável,4.9,5.94,0.82,3.03,Fortaleza,NA,4,3,5,2,NA,1,5,3,NA,NA,NA,NA,NA,NA,NA,NA,NA
joao-afonso,78458,3,290,mei,Nulo,0,4,0,0,Goiás,NA,NA,NA,NA,NA,NA,NA,NA,NA,NA,NA,NA,NA,NA,NA,NA,NA,NA
marcinho,90458,3,356,ata,Nulo,-0.3,3.8,-0.92,2.07,Fortaleza,1,2,1,NA,2,NA,2,5,3,NA,NA,NA,1,NA,NA,NA,NA,NA
thiago-galhardo,71844,3,354,mei,Nulo,0,7,0,0,Ceará,NA,NA,NA,NA,NA,NA,NA,NA,NA,NA,NA,NA,NA,NA,NA,NA,NA,NA
marcos,78495,3,290,gol,Nulo,0,3,0,0,Goiás,NA,NA,NA,NA,NA,NA,NA,NA,NA,NA,NA,NA,NA,NA,NA,NA,NA,NA
talison,105173,3,356,lat,Nulo,0,1,0,0,Fortaleza,NA,NA,NA,NA,NA,NA,NA,NA,NA,NA,NA,NA,NA,NA,NA,NA,NA,NA
nathan,102607,3,356,zag,Provável,1.7,2.75,-0.25,1.7,Fortaleza,NA,1,NA,NA,2,NA,NA,1,1,NA,NA,NA,NA,NA,NA,NA,NA,NA
brenner,80080,3,290,ata,Nulo,0,6,0,0,Goiás,NA,NA,NA,NA,NA,NA,NA,NA,NA,NA,NA,NA,NA,NA,NA,NA,NA,NA
claudio-winck,74074,3,267,lat,Provável,0.1,4.01,-0.71,2.15,Vasco,1,2,NA,2,NA,NA,NA,6,5,NA,NA,NA,NA,NA,NA,NA,NA,NA
marlone,80944,3,290,mei,Nulo,1,5.42,-1.58,1,Goiás,NA,1,NA,NA,NA,NA,NA,NA,1,NA,NA,NA,NA,NA,NA,NA,NA,NA
marcelo-hermes,82639,3,290,lat,Provável,0,3.14,0,-1.1,Goiás,NA,2,NA,NA,1,NA,NA,2,NA,NA,NA,NA,NA,NA,NA,NA,NA,NA
caique-sa,87437,3,290,lat,Nulo,0,4,0,0,Goiás,NA,NA,NA,NA,NA,NA,NA,NA,NA,NA,NA,NA,NA,NA,NA,NA,NA,NA
renatinho,80395,3,290,mei,Provável,0.5,2.69,-0.78,0.25,Goiás,NA,NA,NA,1,NA,NA,NA,1,NA,NA,NA,NA,NA,NA,NA,NA,NA,NA
rafinha,84381,3,290,mei,Nulo,0,4,0,0,Goiás,NA,NA,NA,NA,NA,NA,NA,NA,NA,NA,NA,NA,NA,NA,NA,NA,NA,NA
rossi,81798,3,267,ata,Provável,2.2,4.5,0.16,1.1,Vasco,NA,2,1,NA,1,NA,NA,NA,1,NA,NA,NA,NA,NA,NA,NA,NA,NA
matheus-alves,91712,3,290,gol,Nulo,0,1,0,0,Goiás,NA,NA,NA,NA,NA,NA,NA,NA,NA,NA,NA,NA,NA,NA,NA,NA,NA,NA
oswaldo-henriquez,81241,3,267,zag,Nulo,0,3,0,0,Vasco,NA,NA,NA,NA,NA,NA,NA,NA,NA,NA,NA,NA,NA,NA,NA,NA,NA,NA
luiz-gustavo,80573,3,267,zag,Provável,-0.1,2.87,-1.13,-0.1,Vasco,NA,1,NA,2,NA,NA,NA,4,NA,NA,NA,NA,NA,NA,NA,NA,NA,NA
marcelo-rangel,82730,3,290,gol,Contundido,0,4,0,0,Goiás,NA,NA,NA,NA,NA,NA,NA,NA,NA,NA,NA,NA,NA,NA,NA,NA,NA,NA
vinicius-araujo,82767,3,267,ata,Contundido,0,2,0,0,Vasco,NA,NA,NA,NA,NA,NA,NA,NA,NA,NA,NA,NA,NA,NA,NA,NA,NA,NA
leo-sena,90572,3,290,mei,Provável,8,6.03,2.23,3.93,Goiás,1,3,NA,NA,9,NA,NA,14,10,NA,NA,NA,NA,NA,NA,NA,NA,NA
daniel-guedes,88225,3,290,lat,Provável,3.1,4.35,0.57,0.9,Goiás,NA,6,NA,1,2,NA,NA,5,3,NA,NA,NA,NA,NA,NA,NA,NA,NA
leandro-barcia,91242,3,290,ata,Provável,0.6,6.09,-0.86,3.53,Goiás,1,4,1,4,5,1,NA,6,1,NA,NA,NA,NA,NA,NA,NA,NA,NA
david-duarte,91772,3,290,zag,Provável,1.4,8.35,-0.48,3.53,Goiás,NA,NA,NA,1,NA,NA,NA,4,4,NA,NA,1,NA,NA,NA,NA,NA,NA
kevin,91888,3,290,lat,Nulo,0,7.49,0,4.6,Goiás,NA,NA,NA,1,2,NA,NA,7,3,NA,NA,1,NA,NA,NA,NA,NA,NA
bruno-silva,83626,3,267,mei,Nulo,0,3,0,0,Vasco,NA,NA,NA,NA,NA,NA,NA,NA,NA,NA,NA,NA,NA,NA,NA,NA,NA,NA
danilo-barcelos,84382,3,267,lat,Provável,-0.1,4.88,-1.36,0.95,Vasco,NA,6,NA,1,1,NA,NA,3,3,NA,NA,NA,NA,NA,NA,NA,NA,NA
giovanny,92085,3,290,ata,Nulo,0,2,0,0,Goiás,NA,NA,NA,NA,NA,NA,NA,NA,NA,NA,NA,NA,NA,NA,NA,NA,NA,NA
loyola,94680,3,290,lat,Nulo,0,2,0,0,Goiás,NA,NA,NA,NA,NA,NA,NA,NA,NA,NA,NA,NA,NA,NA,NA,NA,NA,NA
junior-brandao,93909,3,290,ata,Nulo,0.8,2.53,-0.06,0.05,Goiás,1,1,NA,2,2,NA,NA,NA,NA,NA,NA,NA,NA,NA,NA,NA,NA,NA
michael,99392,3,290,ata,Provável,8.2,4.9,2.38,2.6,Goiás,NA,1,1,NA,4,1,1,8,NA,NA,NA,NA,NA,NA,NA,NA,NA,NA
thalles,95222,3,290,mei,Nulo,0,2,0,0,Goiás,NA,NA,NA,NA,NA,NA,NA,NA,NA,NA,NA,NA,NA,NA,NA,NA,NA,NA
figueira,102565,3,290,mei,Nulo,0,1,0,0,Goiás,NA,NA,NA,NA,NA,NA,NA,NA,NA,NA,NA,NA,NA,NA,NA,NA,NA,NA
ratinho,101841,3,290,mei,Nulo,0,2,0,0,Goiás,NA,NA,NA,NA,NA,NA,NA,NA,NA,NA,NA,NA,NA,NA,NA,NA,NA,NA
jefferson,95220,3,290,lat,Nulo,3.3,9.35,0.13,5.27,Goiás,NA,1,1,2,2,NA,NA,5,6,NA,NA,1,NA,NA,NA,NA,NA,NA
